Category,URL
Gaming Headsets,https://www.aliexpress.com/wholesale?catId=0&initiative_id=AS_20231013110040&SearchText=gaming+headsets
PlayStation 5 Controllers,https://www.aliexpress.com/wholesale?catId=0&initiative_id=AS_20231013110040&SearchText=playstation+5+controller
Gaming Keyboards,https://www.aliexpress.com/wholesale?catId=0&initiative_id=AS_20231013110040&SearchText=gaming+keyboard
Gaming Mice,https://www.aliexpress.com/wholesale?catId=0&initiative_id=AS_20231013110040&SearchText=gaming+mouse
Nintendo Switch Accessories,https://www.aliexpress.com/wholesale?catId=0&initiative_id=AS_20231013110040&SearchText=nintendo+switch+accessories
PlayStation 5 Games,https://www.aliexpress.com/wholesale?catId=0&initiative_id=AS_20231013110040&SearchText=playstation+5+games
Gaming Monitors,https://www.aliexpress.com/wholesale?catId=0&initiative_id=AS_20231013110040&SearchText=gaming+monitor
Virtual Reality Accessories,https://www.aliexpress.com/wholesale?catId=0&initiative_id=AS_20231013110040&SearchText=vr+accessories
Gaming Chairs,https://www.aliexpress.com/wholesale?catId=0&initiative_id=AS_20231013110040&SearchText=gaming+chair
PlayStation 4 Accessories,https://www.aliexpress.com/wholesale?catId=0&initiative_id=AS_20231013110040&SearchText=playstation+4+accessories
