Category,Product_link
Gaming Headsets,https://www.newegg.com/logitech-g733-981-000863-black-usb/p/N82E16826197401
Gaming Headsets,https://www.newegg.com/razer-rz04-03240100-r3u1-black/p/1VH-000G-001F0
Gaming Headsets,https://www.newegg.com/asus-a701-rog-delta-ii-blk-black/p/N82E16826785266
Gaming Headsets,https://www.newegg.com/steelseries-arctis-nova-pro-wireless-61520-black-usb/p/N82E16826249269
Gaming Headsets,https://www.newegg.com/nacon-rig-500-pro-ha-gen-2-black-copper/p/3EE-00A9-00001
Gaming Headsets,https://www.newegg.com/corsair-virtuoso-rgb-wireless-ca-9011185-na-carbon-usb/p/N82E16826816137
Gaming Headsets,https://www.newegg.com/razer-rz04-03430100-r3u1-rz04-03430100-r3u1-black-3-5mm/p/N82E16874153027
Gaming Headsets,https://www.newegg.com/logitech-g435-981-001049-black-usb/p/N82E16826197485
Gaming Headsets,https://www.newegg.com/gamepower-warlord-black/p/3EE-00AN-00001?Item=9SIBVMZK9R0125&cm_sp=SP-_-2722620-_-0-_-2-_-9SIBVMZK9R0125-_-gaming%20headset-_-gaming|headset-_-9
Gaming Headsets,https://www.newegg.com/hyperx-4p5l1aa-abl-headset-black-red/p/0TH-02YR-000C5
Gaming Headsets,https://www.newegg.com/p/3EE-0005-00015
Gaming Headsets,https://www.newegg.com/gamepower-fujin-black/p/3EE-00AN-00008?Item=9SIBVMZK9R1022&cm_sp=SP-_-2722620-_-0-_-2-_-9SIBVMZK9R1022-_-gaming%20headset-_-gaming|headset-_-12
Gaming Headsets,https://www.newegg.com/nacon-rig-400ha-forest-camo-black-with-dolby-atmos/p/3EE-00A9-00003
Gaming Headsets,https://www.newegg.com/pink-kingston-cloud-ii/p/N82E16826738004
Gaming Headsets,https://www.newegg.com/p/1VH-0006-00BM6?Item=9SIBU8PKA18546&cm_sp=SP-_-2468887-_-0-_-2-_-9SIBU8PKA18546-_-gaming%20headset-_-gaming|headset-_-15
Gaming Headsets,https://www.newegg.com/corsair-hs55-wireless-core-ca-9011290-na-black-usb-type-c/p/N82E16826816198
Gaming Headsets,https://www.newegg.com/logitech-g-pro-x-981-000817-black-usb/p/N82E16826197345
Gaming Headsets,https://www.newegg.com/nacon-rig-500-pro-ha-gen-2-black-copper/p/3EE-00A9-00001?Item=9SIBU8PK5W2114&cm_sp=SP-_-2468909-_-0-_-2-_-9SIBU8PK5W2114-_-gaming%20headset-_-gaming|headset-_-18
Gaming Headsets,https://www.newegg.com/asus-rog-cetra-true-wireless-speednova-90yh03y0-btaa00-black-usb-type-c/p/N82E16826785264
Gaming Headsets,https://www.newegg.com/hp-hyperx-cloud-stinger-2-black/p/N82E16826700401
Gaming Headsets,https://www.newegg.com/p/3EE-00AN-00003?Item=9SIBVMZK9R0989&cm_sp=SP-_-2722620-_-0-_-3-_-9SIBVMZK9R0989-_-gaming%20headset-_-gaming|headset-_-21
Gaming Headsets,https://www.newegg.com/nacon-rig-400ha-forest-camo/p/3EE-00A9-00002
Gaming Headsets,https://www.newegg.com/p/3EE-0005-00014
Gaming Headsets,https://www.newegg.com/nacon-rig-400ha-forest-camo-black-with-dolby-atmos/p/3EE-00A9-00003?Item=9SIBU8PK5W5631&cm_sp=SP-_-2468909-_-0-_-3-_-9SIBU8PK5W5631-_-gaming%20headset-_-gaming|headset-_-24
Gaming Headsets,https://www.newegg.com/p/3EE-000H-000E5
Gaming Headsets,https://www.newegg.com/corsair-hs70-pro-wireless-ca-9011211-na-carbon-usb/p/N82E16826816147
Gaming Headsets,https://www.newegg.com/gamepower-voldon-x-black/p/3EE-00AN-00004?Item=9SIBVMZK9R0995&cm_sp=SP-_-2722620-_-0-_-2-_-9SIBVMZK9R0995-_-gaming%20headset-_-gaming|headset-_-27
Gaming Headsets,https://www.newegg.com/carbon-corsair-void-rgb-elite-wireless/p/N82E16826816142
Gaming Headsets,https://www.newegg.com/msi-immerse-gh20-immerse-gh20-black-3-5mm/p/N82E16826554053
Gaming Headsets,https://www.newegg.com/p/1VH-0221-00015?Item=9SIB04NHH82816&cm_sp=SP-_-2638072-_-0-_-2-_-9SIB04NHH82816-_-gaming%20headset-_-gaming|headset-_-30
Gaming Headsets,https://www.newegg.com/corsair-void-rgb-elite-wireless-ca-9011202-na-white-usb/p/N82E16826816143
Gaming Headsets,https://www.newegg.com/corsair-ca-9011237-na-black/p/3D5-001H-00036
Gaming Headsets,https://www.newegg.com/gamepower-kai-x-black/p/3EE-00AN-00002
Gaming Headsets,https://www.newegg.com/black-corsair-st100/p/N82E16826816084
Gaming Headsets,https://www.newegg.com/corsair-hs55-stereo-white/p/3EE-000P-000K3
Gaming Headsets,https://www.newegg.com/hyperx-4p5j1aa-white-blue/p/N82E16826700377
Gaming Headsets,https://www.newegg.com/razer-rz04-03220100-r3u1-black/p/1VH-000G-001P0R
Gaming Headsets,https://www.newegg.com/rosewill-saros-c740s-black-circumaural/p/N82E16826193148
Gaming Headsets,https://www.newegg.com/corsair-virtuoso-rgb-wireless-xt-ca-9011188-na-black-3-5mm-usb/p/N82E16826816178
Gaming Headsets,https://www.newegg.com/hyperx-4p4f0aa-black/p/3EE-0025-00008
Gaming Headsets,https://www.newegg.com/logitech-g733-981-000882-white-usb/p/N82E16826197402
Gaming Headsets,https://www.newegg.com/p/N82E16826554074
Gaming Headsets,https://www.newegg.com/nacon-rig-800-pro-hd-headset-black/p/232-00MR-00011
Gaming Headsets,https://www.newegg.com/logitech-g733-981-000942-blue-usb/p/N82E16826197404
Gaming Headsets,https://www.newegg.com/logitech-g432-981-000769-black-3-5mm-usb/p/N82E16826197332
Gaming Headsets,https://www.newegg.com/p/3EE-0013-00049
Gaming Headsets,https://www.newegg.com/asus-rog-cetra-true-wireless-moonlight-white/p/0G6-00Y9-000B2
Gaming Headsets,https://www.newegg.com/gun-metal-asus-tuf-gaming-h3/p/N82E16826785152
Gaming Headsets,https://www.newegg.com/gamepower-warlord-black/p/3EE-00AN-00001
Gaming Headsets,https://www.newegg.com/p/3EE-00AJ-00001
Gaming Headsets,https://www.newegg.com/p/3EE-0005-00007
Gaming Headsets,https://www.newegg.com/logitech-g-pro-x2-lightspeed-981-001262-black-3-5mm-usb/p/N82E16826197623
Gaming Headsets,https://www.newegg.com/logitech-g733-981-000889-lilac-usb/p/N82E16826197403
Gaming Headsets,https://www.newegg.com/razer-barracuda-pro-rz04-03780100-r3u1-black-usb-type-c/p/N82E16826153348
Gaming Headsets,https://www.newegg.com/p/3D5-004D-00002
Gaming Headsets,https://www.newegg.com/logitech-g-pro-x-981-000817-black-usb/p/N82E16826197345R
Gaming Headsets,https://www.newegg.com/logitech-g735-981-001082-white-usb-type-c/p/N82E16826197592
Gaming Headsets,https://www.newegg.com/gamepower-fujin-black/p/3EE-00AN-00008
Gaming Headsets,https://www.newegg.com/hyperx-cloud-iii-wireless-black-red/p/3EE-0025-00021
Gaming Headsets,https://www.newegg.com/p/3EE-006N-00008
Gaming Headsets,https://www.newegg.com/hyperx-cloud-alpha-wireless-dts-black-red/p/3EE-0025-00012
Gaming Headsets,https://www.newegg.com/asus-rog-delta-s-animate-90yh037m-b2ua00-animate-usb/p/N82E16826785235
Gaming Headsets,https://www.newegg.com/razer-kraken-v3-hypersense-rz04-03770100-r3u1-black-usb/p/N82E16826153329
Gaming Headsets,https://www.newegg.com/p/3EE-000H-00041
Gaming Headsets,https://www.newegg.com/msi-immerse-gh50-wireless-s37-4300030-sv1-ca-black-3-5mm/p/N82E16826554073
Gaming Headsets,https://www.newegg.com/p/3EE-0005-00069
Gaming Headsets,https://www.newegg.com/steelseries-arctis-1-black/p/N82E16826249272
Gaming Headsets,https://www.newegg.com/asus-rog-cetra-true-wireless-speednova-90yh03y0-btaa10-white-usb-type-c/p/N82E16826785265
Gaming Headsets,https://www.newegg.com/white-steelseries-arctis-3/p/N82E16826249239
Gaming Headsets,https://www.newegg.com/p/3EE-000H-000F2
Gaming Headsets,https://www.newegg.com/p/3EE-000H-000F3
Gaming Headsets,https://www.newegg.com/razer-rz04-03770200-r3u1-black/p/0TH-00TR-00144
Gaming Headsets,https://www.newegg.com/razer-barracuda-pro-rz04-03780100-r3u1-black-usb-type-c/p/N82E16826153348R
Gaming Headsets,https://www.newegg.com/corsair-hs80-max-wireless-ca-9011295-na-steel-grey-usb/p/N82E16826816204
Gaming Headsets,https://www.newegg.com/steelseries-61453-black/p/N82E16879239002
Gaming Headsets,https://www.newegg.com/hyperx-cloud-stinger-core-black-blue/p/3EE-0025-00009
Gaming Headsets,https://www.newegg.com/p/3EE-0013-00017
Gaming Headsets,https://www.newegg.com/logitech-g335-981-000977-black-3-5mm/p/N82E16826197478
Gaming Headsets,https://www.newegg.com/razer-barracuda-x-2022-edition-rz04-04430200-r3u1-mercury-3-5mm-usb-type-c/p/N82E16826153347
Gaming Headsets,https://www.newegg.com/p/3EE-00A0-00001
Gaming Headsets,https://www.newegg.com/steelseries-arctis-7-white/p/3EE-0005-00008
Gaming Headsets,https://www.newegg.com/hyperx-4p5l9aa-black-gunmetal/p/N82E16826700374
Gaming Headsets,https://www.newegg.com/p/3EE-0019-00036
Gaming Headsets,https://www.newegg.com/p/3EE-009T-00018
Gaming Headsets,https://www.newegg.com/p/N82E16826785264R
Gaming Headsets,https://www.newegg.com/razer-razer-opus-x-rz04-03760400-r3u1-green-usb/p/N82E16826153359R
Gaming Headsets,https://www.newegg.com/steelseries-61470-black/p/N82E16826249260
Gaming Headsets,https://www.newegg.com/black-patriot-v330/p/N82E16826979005
Gaming Headsets,https://www.newegg.com/p/3EE-0005-00075
Gaming Headsets,https://www.newegg.com/p/3EE-0013-000J1
Gaming Headsets,https://www.newegg.com/p/2J5-0051-00015
Gaming Headsets,https://www.newegg.com/p/3EE-0005-00071
Gaming Headsets,https://www.newegg.com/p/3EE-009X-00021
Gaming Headsets,https://www.newegg.com/p/3EE-0013-000C8
Gaming Headsets,https://www.newegg.com/p/3EE-009X-00025
Gaming Headsets,https://www.newegg.com/p/2P0-006D-00015
Gaming Headsets,https://www.newegg.com/p/1VH-06V2-00001
Gaming Headsets,https://www.newegg.com/redragon-zeus-x-black/p/1VH-01AK-00020
Gaming Headsets,https://www.newegg.com/black-logitech-g935-wireless/p/N82E16826197334
Gaming Headsets,https://www.newegg.com/gun-metal-corsair-virtuoso-rgb/p/N82E16826816136
Gaming Headsets,https://www.newegg.com/asus-90yh02hw-b2ua00/p/N82E16826785164
Gaming Headsets,https://www.newegg.com/p/3EE-0005-00062
Gaming Headsets,https://www.newegg.com/redragon-ire-pro-black/p/1VH-01AK-00021
Gaming Headsets,https://www.newegg.com/p/1VH-00HE-001E1
PlayStation 5 Controllers,https://www.newegg.com/p/N82E16879261901
PlayStation 5 Controllers,https://www.newegg.com/p/N82E16879261942
PlayStation 5 Controllers,https://www.newegg.com/p/N82E16879261991
PlayStation 5 Controllers,https://www.newegg.com/p/N82E16879966006
PlayStation 5 Controllers,https://www.newegg.com/p/3ED-000K-000J2
PlayStation 5 Controllers,https://www.newegg.com/p/N82E16868110329?Item=9SIAWVGK2D5971&cm_sp=SP-_-2225290-_-0-_-2-_-9SIAWVGK2D5971-_-playstation%205%20controller-_-5|playstation-_-6
PlayStation 5 Controllers,https://www.newegg.com/p/3ED-0018-00043
PlayStation 5 Controllers,https://www.newegg.com/p/3EJ-0002-000M2
PlayStation 5 Controllers,https://www.newegg.com/sony-dualshock-4-3001538-controller/p/N82E16879261666?Item=9SIB5WMJN09201&cm_sp=SP-_-2504302-_-0-_-3-_-9SIB5WMJN09201-_-playstation%205%20controller-_-5|playstation-_-9
PlayStation 5 Controllers,https://www.newegg.com/p/N82E16879261810?Item=9SIB5WMJN09151&cm_sp=SP-_-2504302-_-0-_-3-_-9SIB5WMJN09151-_-playstation%205%20controller-_-5|playstation-_-12
PlayStation 5 Controllers,https://www.newegg.com/p/N82E16879261938
PlayStation 5 Controllers,https://www.newegg.com/p/N82E16879261973
PlayStation 5 Controllers,https://www.newegg.com/ishako-ps4-controller-nebula-red/p/2J5-01D1-00002?Item=9SIBHM1JCC0842&cm_sp=SP-_-2002449-_-0-_-3-_-9SIBHM1JCC0842-_-playstation%205%20controller-_-5|playstation-_-15
PlayStation 5 Controllers,https://www.newegg.com/p/N82E16879966007
PlayStation 5 Controllers,https://www.newegg.com/p/N82E16879966015
PlayStation 5 Controllers,https://www.newegg.com/p/3ED-004C-00003?Item=9SIBU8PK5X5978&cm_sp=SP-_-2468933-_-0-_-3-_-9SIBU8PK5X5978-_-playstation%205%20controller-_-5|controller|playstation-_-18
PlayStation 5 Controllers,https://www.newegg.com/p/N82E16868110292
PlayStation 5 Controllers,https://www.newegg.com/p/N82E16879261900
PlayStation 5 Controllers,https://www.newegg.com/p/3EC-001C-00006?Item=9SIBPCGJXU3436&cm_sp=SP-_-2063865-_-0-_-3-_-9SIBPCGJXU3436-_-playstation%205%20controller-_-5|playstation-_-21
PlayStation 5 Controllers,https://www.newegg.com/p/3ED-001F-00001
PlayStation 5 Controllers,https://www.newegg.com/p/3ED-001N-00002
PlayStation 5 Controllers,https://www.newegg.com/p/3EC-001C-00005?Item=9SIBPCGJXU3354&cm_sp=SP-_-2063865-_-0-_-3-_-9SIBPCGJXU3354-_-playstation%205%20controller-_-5|playstation-_-24
PlayStation 5 Controllers,https://www.newegg.com/p/3ED-001N-00003
PlayStation 5 Controllers,https://www.newegg.com/logitech-g923-wheel-black/p/N82E16879212027
PlayStation 5 Controllers,https://www.newegg.com/p/3ED-0008-00003
PlayStation 5 Controllers,https://www.newegg.com/p/3ED-004E-00003
PlayStation 5 Controllers,https://www.newegg.com/black-turtle-beach-recon-70-tbs-3555-01-headset/p/N82E16879459049
PlayStation 5 Controllers,https://www.newegg.com/p/3ED-0018-00033
PlayStation 5 Controllers,https://www.newegg.com/p/N82E16879261873
PlayStation 5 Controllers,https://www.newegg.com/p/3ED-0018-00035
PlayStation 5 Controllers,https://www.newegg.com/p/N82E16879966014
PlayStation 5 Controllers,https://www.newegg.com/p/3ED-0008-00004
PlayStation 5 Controllers,https://www.newegg.com/p/3ED-000Y-00022
PlayStation 5 Controllers,https://www.newegg.com/p/N82E16868110298
PlayStation 5 Controllers,https://www.newegg.com/p/N82E16879677002
PlayStation 5 Controllers,https://www.newegg.com/p/N82E16879949002
PlayStation 5 Controllers,https://www.newegg.com/p/3ED-003J-00006
PlayStation 5 Controllers,https://www.newegg.com/p/2J5-01D9-00001
PlayStation 5 Controllers,https://www.newegg.com/p/3ED-0018-00015
PlayStation 5 Controllers,https://www.newegg.com/p/3ED-004R-00003
PlayStation 5 Controllers,https://www.newegg.com/p/3ED-000Z-00006
PlayStation 5 Controllers,https://www.newegg.com/p/3ED-001N-00004
PlayStation 5 Controllers,https://www.newegg.com/p/3ED-001C-00001
PlayStation 5 Controllers,https://www.newegg.com/p/2J5-00NP-00001
PlayStation 5 Controllers,https://www.newegg.com/p/3ED-0008-00002
PlayStation 5 Controllers,https://www.newegg.com/p/3ED-0008-00001
PlayStation 5 Controllers,https://www.newegg.com/p/3ED-004R-00004
PlayStation 5 Controllers,https://www.newegg.com/p/3ED-0005-00020
PlayStation 5 Controllers,https://www.newegg.com/p/3ED-0005-00002
PlayStation 5 Controllers,https://www.newegg.com/p/N82E16879261918
PlayStation 5 Controllers,https://www.newegg.com/p/3ED-0005-00027
PlayStation 5 Controllers,https://www.newegg.com/p/3ED-001V-00001
PlayStation 5 Controllers,https://www.newegg.com/logitech-g923-wheel-black/p/N82E16826197431
PlayStation 5 Controllers,https://www.newegg.com/p/2J5-01D9-00002
PlayStation 5 Controllers,https://www.newegg.com/p/3ED-001U-00006
PlayStation 5 Controllers,https://www.newegg.com/p/3B3-00B3-00028R
PlayStation 5 Controllers,https://www.newegg.com/p/2SH-000D-002N1
PlayStation 5 Controllers,https://www.newegg.com/p/3ED-0015-00001
PlayStation 5 Controllers,https://www.newegg.com/p/N82E16868110310
PlayStation 5 Controllers,https://www.newegg.com/p/3ED-000F-00001
PlayStation 5 Controllers,https://www.newegg.com/p/3EC-0001-000G2
PlayStation 5 Controllers,https://www.newegg.com/p/3ED-003A-00003
PlayStation 5 Controllers,https://www.newegg.com/p/N82E16868110303
PlayStation 5 Controllers,https://www.newegg.com/p/3ED-001N-00001
PlayStation 5 Controllers,https://www.newegg.com/p/3ED-000Z-00004
PlayStation 5 Controllers,https://www.newegg.com/p/3ED-000K-000D8
PlayStation 5 Controllers,https://www.newegg.com/p/2J5-01E8-00002
PlayStation 5 Controllers,https://www.newegg.com/p/3EC-0001-000X2
PlayStation 5 Controllers,https://www.newegg.com/p/3EC-0001-000M9
PlayStation 5 Controllers,https://www.newegg.com/p/3ED-004C-00006
PlayStation 5 Controllers,https://www.newegg.com/p/3EC-0001-00011
PlayStation 5 Controllers,https://www.newegg.com/p/2J5-00NP-00003
PlayStation 5 Controllers,https://www.newegg.com/p/2J5-01DS-00001
PlayStation 5 Controllers,https://www.newegg.com/p/2J5-01CH-00011
PlayStation 5 Controllers,https://www.newegg.com/p/N82E16879337066
PlayStation 5 Controllers,https://www.newegg.com/p/3EC-0001-000V8
PlayStation 5 Controllers,https://www.newegg.com/p/2J5-01CH-00003
PlayStation 5 Controllers,https://www.newegg.com/p/2J5-006B-00072
PlayStation 5 Controllers,https://www.newegg.com/p/2J5-01CH-00005
PlayStation 5 Controllers,https://www.newegg.com/p/3EC-0001-000Z8
PlayStation 5 Controllers,https://www.newegg.com/p/2J5-00NY-00020
PlayStation 5 Controllers,https://www.newegg.com/p/2J5-01CH-00018
PlayStation 5 Controllers,https://www.newegg.com/p/2J5-01DM-00041
PlayStation 5 Controllers,https://www.newegg.com/p/2J5-01CH-00006
PlayStation 5 Controllers,https://www.newegg.com/p/2J5-01DM-000E2
PlayStation 5 Controllers,https://www.newegg.com/p/3EC-0001-000P1
PlayStation 5 Controllers,https://www.newegg.com/p/N82E16879966017
PlayStation 5 Controllers,https://www.newegg.com/p/N82E16868110338
PlayStation 5 Controllers,https://www.newegg.com/p/2J5-01CH-00049
PlayStation 5 Controllers,https://www.newegg.com/turtle-beach-tbs-2303-01-headset/p/N82E16874502064
PlayStation 5 Controllers,https://www.newegg.com/p/3EC-0001-002H5
PlayStation 5 Controllers,https://www.newegg.com/p/N82E16879261964
PlayStation 5 Controllers,https://www.newegg.com/p/N82E16826280084
PlayStation 5 Controllers,https://www.newegg.com/p/2J5-01DM-00007
PlayStation 5 Controllers,https://www.newegg.com/p/2J5-00NP-00004
PlayStation 5 Controllers,https://www.newegg.com/p/3EC-0001-000Y6
PlayStation 5 Controllers,https://www.newegg.com/p/N82E16879459029
PlayStation 5 Controllers,https://www.newegg.com/p/3ED-000K-000F7
PlayStation 5 Controllers,https://www.newegg.com/p/3ED-000K-000C1
PlayStation 5 Controllers,https://www.newegg.com/p/3ED-000K-000F8
PlayStation 5 Controllers,https://www.newegg.com/p/3ED-000K-000C9
PlayStation 5 Controllers,https://www.newegg.com/p/3ED-000K-000B2
PlayStation 5 Controllers,https://www.newegg.com/p/3ED-000K-000A1
Gaming Keyboards,https://www.newegg.com/msi-forge-gk100-combo-forgegk100c-mechanical-keyboard-membrane/p/N82E16823167058
Gaming Keyboards,https://www.newegg.com/p/0GA-00UW-000B6
Gaming Keyboards,https://www.newegg.com/gigastone-gk-12-brown-switch-tactile-quiet-black/p/32N-04JJ-00001
Gaming Keyboards,https://www.newegg.com/rosewill-wired-tactile-mechanical-blitz-k50-rgb-br-mechanical-keyboard-brown-switch/p/N82E16823201132
Gaming Keyboards,https://www.newegg.com/z-edge-mechanical-gaming-keyboard-outemu-brown/p/32N-010F-00001?Item=9SIAT2EF5A5299&cm_sp=SP-_-648955-_-0-_-6-_-9SIAT2EF5A5299-_-gaming%20keyboard-_-keyboard-_-5
Gaming Keyboards,https://www.newegg.com/corsair-k55-rgb-pro-ch-9226765-na-rubber-dome-mechanical-keyboard/p/N82E16823816143
Gaming Keyboards,https://www.newegg.com/razer-blackwidow-v4-rz03-04691900-r3u1-linear-mechanical-keyboard/p/N82E16823114130
Gaming Keyboards,https://www.newegg.com/p/32N-04SA-00003
Gaming Keyboards,https://www.newegg.com/gigastone-gk-12-brown-switch-tactile-quiet-black/p/32N-04JJ-00001?Item=9SIAGDFHWW8492&cm_sp=SP-_-2187324-_-0-_-6-_-9SIAGDFHWW8492-_-gaming%20keyboard-_-keyboard-_-9
Gaming Keyboards,https://www.newegg.com/z-edge-mechanical-gaming-keyboard-outemu-brown/p/32N-010F-00001
Gaming Keyboards,https://www.newegg.com/p/32N-04T8-00002
Gaming Keyboards,https://www.newegg.com/redragon-k617-red-switch-grey/p/32N-0003-00175?Item=9SIAWATFSP4793&cm_sp=SP-_-2305893-_-0-_-2-_-9SIAWATFSP4793-_-gaming%20keyboard-_-gaming|keyboard-_-12
Gaming Keyboards,https://www.newegg.com/corsair-k70-rgb-pro-ch-9109410-na-mechanical-keyboard-cherry-mx-red/p/N82E16823816153
Gaming Keyboards,https://www.newegg.com/msi-vigor-gk30-white-gaming-combo-s11-04us319-cla-mecha-membrane-mechanical-keyboard/p/N82E16823167047
Gaming Keyboards,https://www.newegg.com/p/32N-04T9-00010?Item=9SIBVMZK9P9784&cm_sp=SP-_-2729782-_-0-_-0-_-9SIBVMZK9P9784-_-gaming%20keyboard-_-gaming|keyboard-_-15
Gaming Keyboards,https://www.newegg.com/asus-rog-strix-flare-ii-nx-blue-90mp02d8-bkua01-mechanical-keyboard-rog-nx-blue/p/N82E16823193126
Gaming Keyboards,https://www.newegg.com/rk-royal-kludge-rl61-red-switch-black/p/32N-04ND-00069
Gaming Keyboards,https://www.newegg.com/rk-royal-kludge-rkh81-red-switch-green/p/32N-04ND-000C0?Item=9SIBRCGK3T7871&cm_sp=SP-_-2771537-_-0-_-2-_-9SIBRCGK3T7871-_-gaming%20keyboard-_-gaming|keyboard-_-18
Gaming Keyboards,https://www.newegg.com/p/32N-0066-000F8
Gaming Keyboards,https://www.newegg.com/p/N82E16823126756
Gaming Keyboards,https://www.newegg.com/z-edge-mechanical-gaming-keyboard-outemu-brown/p/32N-010F-00002?Item=9SIAT2EF5B2318&cm_sp=SP-_-648955-_-0-_-6-_-9SIAT2EF5B2318-_-gaming%20keyboard-_-keyboard-_-21
Gaming Keyboards,https://www.newegg.com/rk-royal-kludge-keyboard-rk-chartreuse-switch-green-white/p/32N-04ND-000G7
Gaming Keyboards,https://www.newegg.com/p/N82E16823167034
Gaming Keyboards,https://www.newegg.com/p/32N-04SA-00003?Item=9SIBT2UK3H1259&cm_sp=SP-_-2242436-_-0-_-2-_-9SIBT2UK3H1259-_-gaming%20keyboard-_-gaming|keyboard-_-24
Gaming Keyboards,https://www.newegg.com/p/N82E16823114127
Gaming Keyboards,https://www.newegg.com/p/32N-0017-002E3
Gaming Keyboards,https://www.newegg.com/p/32N-04T9-00014?Item=9SIBVMZK9P9944&cm_sp=SP-_-2722634-_-0-_-2-_-9SIBVMZK9P9944-_-gaming%20keyboard-_-gaming|keyboard-_-27
Gaming Keyboards,https://www.newegg.com/p/N82E16823114133
Gaming Keyboards,https://www.newegg.com/metallic-gray-steelseries-apex-7-tkl-qx2-linear-mechanical-rgb-switch/p/N82E16823239052
Gaming Keyboards,https://www.newegg.com/p/26J-05FW-00002
Gaming Keyboards,https://www.newegg.com/msi-vigor-gk50-elite-ll-s11-04us256-cla-mechanical-keyboard-kailh-blue/p/N82E16823167039
Gaming Keyboards,https://www.newegg.com/rk-royal-kludge-keyboard-rk-red-black/p/32N-04ND-000E0
Gaming Keyboards,https://www.newegg.com/p/N82E16823126751
Gaming Keyboards,https://www.newegg.com/redragon-k617-red-switch-grey/p/32N-0003-00175
Gaming Keyboards,https://www.newegg.com/p/0GA-0001-00DJ7
Gaming Keyboards,https://www.newegg.com/rk-royal-kludge-rkh81-red-switch-white/p/32N-04ND-00019
Gaming Keyboards,https://www.newegg.com/asus-rog-azoth-extreme-m702-azoth-extreme-nxsw-ca-pbt-mechanical-keyboard-rog-nx-mechanical-switch/p/N82E16823193157
Gaming Keyboards,https://www.newegg.com/rk-royal-kludge-mechanical-gaming-keybord-blue-switch-white/p/32N-04ND-000T6
Gaming Keyboards,https://www.newegg.com/rk-royal-kludge-mechanical-gaming-keyboard-brown-switch-green/p/32N-04ND-000W6
Gaming Keyboards,https://www.newegg.com/msi-forge-gk300-combo-blue-switches-forgegk300c-mechanical-keyboard-mechanical-blue-switches/p/N82E16823167060
Gaming Keyboards,https://www.newegg.com/rk-royal-kludge-mechanical-keyboard-r87-pro-rk-brown/p/32N-04ND-00113
Gaming Keyboards,https://www.newegg.com/steelseries-apex-3-64795-whisper-quiet-mechanical-keyboard/p/N82E16823239056
Gaming Keyboards,https://www.newegg.com/p/32N-04ND-000R3
Gaming Keyboards,https://www.newegg.com/rk-royal-kludge-keyboard-rk-chartreuse-black/p/32N-04ND-000J1
Gaming Keyboards,https://www.newegg.com/p/N82E16823816166
Gaming Keyboards,https://www.newegg.com/razer-clicky-optical-switch-keyboard-rz03-04361900-r3u1-clicky-mechanical-keyboard/p/N82E16823114129
Gaming Keyboards,https://www.newegg.com/rk-royal-kludge-keyboard-rk-snow-green-white/p/32N-04ND-000E3
Gaming Keyboards,https://www.newegg.com/p/32N-04ND-000P9
Gaming Keyboards,https://www.newegg.com/logitech-g910-orion-spectrum-romer-g-black/p/32N-0002-00132
Gaming Keyboards,https://www.newegg.com/p/32N-0003-00161
Gaming Keyboards,https://www.newegg.com/redragon-k580-vata-blue-switch-black/p/32N-0003-001C4
Gaming Keyboards,https://www.newegg.com/rk-royal-kludge-mechanical-keyboard-m87-rk-blue/p/32N-04ND-00111
Gaming Keyboards,https://www.newegg.com/corsair-k55-rgb-pro-xt-ch-9226715-na-rubber-dome-mechanical-keyboard/p/N82E16823816144
Gaming Keyboards,https://www.newegg.com/rk-royal-kludge-rk98-brown-switch-white/p/32N-04ND-00048
Gaming Keyboards,https://www.newegg.com/black-corsair-k63-cherry-mx-red/p/N82E16823816107
Gaming Keyboards,https://www.newegg.com/rk-royal-kludge-rk100-brown-switch-white/p/32N-04ND-00056
Gaming Keyboards,https://www.newegg.com/rk-royal-kludge-mechanical-gaming-keybord-red-switch-white-blue/p/32N-04ND-000M6
Gaming Keyboards,https://www.newegg.com/vigor-gk71-sonic-red-am-mechanical-keyboard-msi-sonic-red/p/N82E16823167055
Gaming Keyboards,https://www.newegg.com/rk-royal-kludge-rk-m75-silver-switch-black/p/32N-04ND-000B8
Gaming Keyboards,https://www.newegg.com/msi-vigor-gk20-membrane-black/p/N82E16823167040
Gaming Keyboards,https://www.newegg.com/rk-royal-kludge-rk61plus-red-switch-black/p/32N-04ND-00073
Gaming Keyboards,https://www.newegg.com/rk-royal-kludge-rkh81-rk-skycan-black/p/32N-04ND-000K6
Gaming Keyboards,https://www.newegg.com/rk-royal-kludge-keyboard-rk-chartreuse-purple/p/32N-04ND-000R5
Gaming Keyboards,https://www.newegg.com/k70-pro-rgb-optical-mechanica-ch-910951a-na-mechanical-keyboard-corsair-opx-rgb-speed/p/N82E16823816162
Gaming Keyboards,https://www.newegg.com/corsair-k100-rgb-ch-912a01a-na-mechanical-keyboard-opx-optical-mechanical-linear/p/N82E16823816138
Gaming Keyboards,https://www.newegg.com/logitech-g413-se-tactile-black/p/N82E16823126670
Gaming Keyboards,https://www.newegg.com/corsair-k70-rgb-pro-ch-9109411-na-mechanical-keyboard-cherry-mx-blue/p/N82E16823816150
Gaming Keyboards,https://www.newegg.com/ausdom-98pro-tactile-white-green/p/32N-04T8-00003
Gaming Keyboards,https://www.newegg.com/redragon-dragonborn-red-switch-black/p/32N-0003-001A4
Gaming Keyboards,https://www.newegg.com/asus-rog-azoth-75-wireless-diy-custom-keyboard-rog-azoth-nxrd-mechanical-keyboard-rog-nx-red/p/N82E16823193135
Gaming Keyboards,https://www.newegg.com/rk-royal-kludge-rkr65-rk-snow-black-grey/p/32N-04ND-000C3
Gaming Keyboards,https://www.newegg.com/p/32N-00J6-002V2
Gaming Keyboards,https://www.newegg.com/logitech-g915-lightspeed-920-009103-mechanical-keyboard-clicky/p/N82E16823126553
Gaming Keyboards,https://www.newegg.com/logitech-g213-prodigy-920-008083-tactile-mechanical-keyboard/p/N82E16823126473
Gaming Keyboards,https://www.newegg.com/p/32N-00J6-002T9
Gaming Keyboards,https://www.newegg.com/redragon-k618-red-switch-black/p/32N-0003-001A6
Gaming Keyboards,https://www.newegg.com/rk-royal-kludge-rkg68-blue-switch-white/p/32N-04ND-00015
Gaming Keyboards,https://www.newegg.com/p/32N-04ND-00116
Gaming Keyboards,https://www.newegg.com/redragon-k556-red-switch-black/p/32N-0003-001A8
Gaming Keyboards,https://www.newegg.com/p/32N-04JS-00015
Gaming Keyboards,https://www.newegg.com/p/32N-04SA-00002
Gaming Keyboards,https://www.newegg.com/asus-x901-strix-scope-ii-96-wl-nxsw-ca-pbt-rog-wireless-mechanical-keyboard-rog-nx-snow-switches/p/N82E16823193139
Gaming Keyboards,https://www.newegg.com/redragon-surara-red-switch-linear-quiet-black/p/32N-0003-00147
Gaming Keyboards,https://www.newegg.com/asus-rog-falchion-ace-hfx-rog-hfx-magnetic-switch-black/p/N82E16823193158
Gaming Keyboards,https://www.newegg.com/p/32N-04SA-00006
Gaming Keyboards,https://www.newegg.com/asus-xa07-strix-flare-ii-ani-nxbn-us-pbt-90mp02e7-bkua01-mechanical-keyboard-rog-nx-brown/p/N82E16823193117
Gaming Keyboards,https://www.newegg.com/msi-forge-gk300-blue-us-forgegk300-mechanical-keyboard-clicky-mechanical-switches/p/N82E16823167059
Gaming Keyboards,https://www.newegg.com/p/32N-04RR-00002
Gaming Keyboards,https://www.newegg.com/asus-tuf-gaming-k1-membrane-black/p/N82E16823193108
Gaming Keyboards,https://www.newegg.com/p/0GA-0944-00006
Gaming Keyboards,https://www.newegg.com/logitech-pro-x-tkl-lightspeed-920-012143-mechanical-keyboard-gx-brown/p/N82E16823126721
Gaming Keyboards,https://www.newegg.com/logitech-g713-linear-switches-gx-red-920-010670-linear-mechanical-keyboard/p/N82E16823126704
Gaming Keyboards,https://www.newegg.com/p/32N-013T-00001
Gaming Keyboards,https://www.newegg.com/p/32N-0026-006C0
Gaming Keyboards,https://www.newegg.com/p/0GA-00C6-000J4
Gaming Keyboards,https://www.newegg.com/p/32N-04TD-00001
Gaming Keyboards,https://www.newegg.com/k70-max-rgb-magnetic-mechanical-ch-910961g-na-mechanical-keyboard-corsair-mgx/p/N82E16823816165
Gaming Keyboards,https://www.newegg.com/razer-huntsman-mini-black-mechanical/p/32N-0017-000S3
Gaming Keyboards,https://www.newegg.com/p/N82E16823324014
Gaming Keyboards,https://www.newegg.com/asus-rog-strix-scope-rx-rog-rx-red-optical-black/p/N82E16823193095
Gaming Keyboards,https://www.newegg.com/logitech-g915-gl-linear/p/N82E16823126614
Gaming Keyboards,https://www.newegg.com/p/32N-04RR-00003
Gaming Keyboards,https://www.newegg.com/logitech-g715-clicky-switches-gx-blue-920-010656-clicky-mechanical-keyboard/p/N82E16823126702
Gaming Keyboards,https://www.newegg.com/p/32N-00WF-00007
Gaming Mice,https://www.newegg.com/asus-90mp0270-bmua00-rog-gladius-iii-usb-wired/p/N82E16826785228
Gaming Mice,https://www.newegg.com/logitech-910-005565-g502-usb-lightspeed-wireless/p/N82E16826197336
Gaming Mice,https://www.newegg.com/evga-903-w1-17gr-kr-x17-usb-wired/p/N82E16826188008
Gaming Mice,https://www.newegg.com/logitech-910-005878-pro-x-rf-lightspeed-wireless/p/N82E16826197421
Gaming Mice,https://www.newegg.com/p/173-006N-00067?Item=9SIAWATDVF7309&cm_sp=SP-_-1157750-_-0-_-6-_-9SIAWATDVF7309-_-gaming%20mouse-_-mouse-_-5
Gaming Mice,https://www.newegg.com/corsair-ch-9306011-na-nightsword-rgb-usb-2-0-wired/p/N82E16826816133
Gaming Mice,https://www.newegg.com/corsair-ch-9315411-na-dark-core-rgb-pro-usb-2-0-type-a-slipstream-bluetooth-wireless-wired/p/N82E16826816161
Gaming Mice,https://www.newegg.com/evga-903-w1-17bk-kr-x17-usb-wired/p/N82E16826188009
Gaming Mice,https://www.newegg.com/p/32K-0039-000K1?Item=9SIAD8FDPC7053&cm_sp=SP-_-2613919-_-0-_-2-_-9SIAD8FDPC7053-_-gaming%20mouse-_-gaming|mouse-_-9
Gaming Mice,https://www.newegg.com/asus-90mp0220-bmua00-p707-rog-spatha-x-usb-2-0-rf-2-4-wired-wireless/p/N82E16826785227
Gaming Mice,https://www.newegg.com/logitech-g-pro-x-superlight-2-910-006628-usb-type-c-2-4ghz-wired/p/N82E16826197629
Gaming Mice,https://www.newegg.com/redragon-m908-impact-usb-wired/p/2RC-02VE-00007?Item=9SIAWATDTD8139&cm_sp=SP-_-515296-_-0-_-2-_-9SIAWATDTD8139-_-gaming%20mouse-_-gaming|mouse-_-12
Gaming Mice,https://www.newegg.com/razer-basilisk-v3-rz01-04000100-r3u1-usb-wired/p/0GA-002P-002U7
Gaming Mice,https://www.newegg.com/logitech-910-005469-g502-hero-usb-wired/p/3C6-0064-00002
Gaming Mice,https://www.newegg.com/p/32K-0039-000K7?Item=9SIAD8FDPC7059&cm_sp=SP-_-2613919-_-0-_-2-_-9SIAD8FDPC7059-_-gaming%20mouse-_-gaming|mouse-_-15
Gaming Mice,https://www.newegg.com/p/N82E16826188016
Gaming Mice,https://www.newegg.com/logitech-g502-x-plus-910-006160-usb-type-c-lightspeed-wireless/p/N82E16826197558
Gaming Mice,https://www.newegg.com/p/32K-005K-000H3?Item=9SIAWATJV17845&cm_sp=SP-_-1157750-_-0-_-6-_-9SIAWATJV17845-_-gaming%20mouse-_-mouse-_-18
Gaming Mice,https://www.newegg.com/logitech-910-005289-g305-wireless/p/N82E16826197309
Gaming Mice,https://www.newegg.com/corsair-ch-9304211-na-scimitar-rgb-elite-usb-2-0-type-a-wired/p/N82E16826816160
Gaming Mice,https://www.newegg.com/p/32K-00MU-00008?Item=9SIAXG4KBW5761&cm_sp=SP-_-2739732-_-0-_-6-_-9SIAXG4KBW5761-_-gaming%20mouse-_-gaming|mouse-_-21
Gaming Mice,https://www.newegg.com/asus-rog-strix-impact-iii-wireless-90mp03d0-bmaa00-dual-rf-bluetooth-wireless/p/N82E16826785261
Gaming Mice,https://www.newegg.com/logitech-910-002864-g600-usb-wired/p/N82E16826104674
Gaming Mice,https://www.newegg.com/p/32K-0137-00005?Item=9SIB0P2FSE4038&cm_sp=SP-_-688151-_-0-_-2-_-9SIB0P2FSE4038-_-gaming%20mouse-_-gaming|mouse-_-24
Gaming Mice,https://www.newegg.com/logitech-910-005790-g203-lightsync-usb-wired/p/N82E16826197390
Gaming Mice,https://www.newegg.com/p/173-006N-00067
Gaming Mice,https://www.newegg.com/p/32K-00MW-00004?Item=9SIAPMCBRC9712&cm_sp=SP-_-1870885-_-0-_-2-_-9SIAPMCBRC9712-_-gaming%20mouse-_-gaming|mouse-_-27
Gaming Mice,https://www.newegg.com/logitech-910-005270-pro-wireless-gaming-mouse-lightspeed-wireless/p/32K-0002-000P4
Gaming Mice,https://www.newegg.com/p/32K-000N-001K9
Gaming Mice,https://www.newegg.com/msi-s12-0401800-cla-clutch-gm08-usb-2-0-wired/p/N82E16826554042
Gaming Mice,https://www.newegg.com/logitech-910-005280-g305-lightspeed-wireless/p/N82E16826197308
Gaming Mice,https://www.newegg.com/logitech-g502-x-plus-wl-910-006169-usb-type-c-lightspeed-wireless/p/N82E16826197559
Gaming Mice,https://www.newegg.com/p/N82E16826197555
Gaming Mice,https://www.newegg.com/razer-orochi-v2-quartz-rz01-03731200-r3u1-usb-bluetooth-2-4ghz/p/N82E16826153354
Gaming Mice,https://www.newegg.com/redragon-m908-impact-usb-wired/p/2RC-02VE-00007
Gaming Mice,https://www.newegg.com/p/N82E16826197658
Gaming Mice,https://www.newegg.com/p/32K-0002-006Z1
Gaming Mice,https://www.newegg.com/p/N82E16826197655
Gaming Mice,https://www.newegg.com/p/N82E16826188017
Gaming Mice,https://www.newegg.com/corsair-ch-9309411-na2-m65-rgb-usb-2-0-wired/p/N82E16826816184
Gaming Mice,https://www.newegg.com/redragon-m991-2-4ghz-wireless-usb-c/p/32K-005K-000G2
Gaming Mice,https://www.newegg.com/asus-90mp02s0-bmaa00-rog-keris-wireless-eva-edition-usb-wired-wireless/p/N82E16826785242
Gaming Mice,https://www.newegg.com/p/32K-001D-001A1
Gaming Mice,https://www.newegg.com/p/32K-005K-000F0
Gaming Mice,https://www.newegg.com/p/32K-005K-000N0
Gaming Mice,https://www.newegg.com/p/0TP-0047-000F3
Gaming Mice,https://www.newegg.com/corsair-ch-9317011-na-ironclaw-usb-2-0-type-a-dual/p/N82E16826816126
Gaming Mice,https://www.newegg.com/p/N82E16826197657
Gaming Mice,https://www.newegg.com/p/32K-005K-000M9
Gaming Mice,https://www.newegg.com/p/32K-0137-00001
Gaming Mice,https://www.newegg.com/p/32K-005K-000M8
Gaming Mice,https://www.newegg.com/p/32K-0002-006U9
Gaming Mice,https://www.newegg.com/p/32K-009Z-000B0
Gaming Mice,https://www.newegg.com/logitech-pro-x-superlight-2-910-006636-usb-type-c-2-4ghz-wired/p/N82E16826197630
Gaming Mice,https://www.newegg.com/p/32K-00CZ-00015
Gaming Mice,https://www.newegg.com/logitech-910-006012-g305-lightspeed-wireless/p/N82E16826197400
Gaming Mice,https://www.newegg.com/p/32K-0002-006T1
Gaming Mice,https://www.newegg.com/p/32K-01FN-00004
Gaming Mice,https://www.newegg.com/p/32K-0070-000H4
Gaming Mice,https://www.newegg.com/nzxt-lift-2-ergo-ms-001nw-02-usb-2-0-wired/p/N82E16826292009
Gaming Mice,https://www.newegg.com/p/0NT-0095-00003
Gaming Mice,https://www.newegg.com/p/32K-005K-000K2
Gaming Mice,https://www.newegg.com/p/32K-0002-003R7
Gaming Mice,https://www.newegg.com/asus-rog-strix-impact-iii-90mp0300-bmua00-usb-2-0-wired/p/N82E16826785251
Gaming Mice,https://www.newegg.com/corsair-ch-9301111-na-harpoon-rgb-pro-usb-2-0-wired/p/N82E16826816129
Gaming Mice,https://www.newegg.com/p/32K-0070-000D8
Gaming Mice,https://www.newegg.com/hp-4p4f8aa-hyperx-pulsefire-core-usb-2-0-wired/p/N82E16826700381
Gaming Mice,https://www.newegg.com/p/32K-0002-006X6
Gaming Mice,https://www.newegg.com/p/32K-00MC-00004
Gaming Mice,https://www.newegg.com/p/32K-003T-000J6
Gaming Mice,https://www.newegg.com/gigastone-gs-gm-x031b-r-usb-wired/p/32K-01DX-00001
Gaming Mice,https://www.newegg.com/asus-90mp01j0-b0ua00-tuf-gaming-m3-usb-wired/p/N82E16826785151
Gaming Mice,https://www.newegg.com/p/32K-0039-000N2
Gaming Mice,https://www.newegg.com/redragon-storm-m808-usb-wired/p/32K-005K-000F3
Gaming Mice,https://www.newegg.com/p/32K-0002-006W8
Gaming Mice,https://www.newegg.com/p/32K-0002-006X1
Gaming Mice,https://www.newegg.com/p/32K-0002-006W7
Gaming Mice,https://www.newegg.com/p/32K-0002-00220
Gaming Mice,https://www.newegg.com/steelseries-62363-rival-300-cs-go-hyper-beast-edition-usb-wired/p/N82E16826249219
Gaming Mice,https://www.newegg.com/p/32K-0002-006W6
Gaming Mice,https://www.newegg.com/p/32K-0002-006W5
Gaming Mice,https://www.newegg.com/logitech-910-005638-g703-usb-lightspeed-wireless/p/N82E16826197342
Gaming Mice,https://www.newegg.com/zelotes-t10-usb-wired/p/32K-0039-00092
Gaming Mice,https://www.newegg.com/p/32K-0002-006Y2
Gaming Mice,https://www.newegg.com/p/32K-01CK-00032
Gaming Mice,https://www.newegg.com/p/32K-0002-006X8
Gaming Mice,https://www.newegg.com/p/32K-0045-00020
Gaming Mice,https://www.newegg.com/p/32K-00MC-00009
Gaming Mice,https://www.newegg.com/p/32K-0039-000J9
Gaming Mice,https://www.newegg.com/p/32K-00MC-00003
Gaming Mice,https://www.newegg.com/p/32K-0002-006Y4
Gaming Mice,https://www.newegg.com/p/32K-0039-000M0
Gaming Mice,https://www.newegg.com/hxsj-m10-rechargeable-wireless-gaming-mouse-usb-rf-wireless/p/32K-0039-000G3
Gaming Mice,https://www.newegg.com/p/32K-00JA-000D0
Gaming Mice,https://www.newegg.com/p/32K-0039-000M4
Gaming Mice,https://www.newegg.com/p/32K-0039-000M3
Gaming Mice,https://www.newegg.com/msi-gm20-v2-clutch-gm20-elite-usb-wired/p/32K-002B-000A6
Gaming Mice,https://www.newegg.com/p/32K-005K-000H3
Gaming Mice,https://www.newegg.com/logitech-910-006020-g305-lightspeed-wireless/p/N82E16826197399
Gaming Mice,https://www.newegg.com/logitech-910-006365-g705-wireless/p/N82E16826197593
Gaming Mice,https://www.newegg.com/logitech-g502-x-wl-wh-910-006187-usb-lightspeed-wireless/p/N82E16826197557
Gaming Mice,https://www.newegg.com/logitech-910-005728-g502-se-hero/p/N82E16826197353
Gaming Mice,https://www.newegg.com/p/32K-000P-00338
Gaming Mice,https://www.newegg.com/p/32K-01E8-00038
Nintendo Switch Accessories,https://www.newegg.com/nintendo-045496881900-controller/p/N82E16878190646
Nintendo Switch Accessories,https://www.newegg.com/p/3B3-0001-000K2
Nintendo Switch Accessories,https://www.newegg.com/p/3B3-0001-000H4?Item=9SIA4REJX41339&cm_sp=SP-_-2003428-_-0-_-3-_-9SIA4REJX41339-_-nintendo%20switch%20accessories-_-nintendo|switch-_-3
Nintendo Switch Accessories,https://www.newegg.com/nintendo-hacajapaa-joy-con/p/N82E16878190844
Nintendo Switch Accessories,https://www.newegg.com/p/3B3-0185-00001
Nintendo Switch Accessories,https://www.newegg.com/nintendo-nns15sm-case/p/N82E16878190978
Nintendo Switch Accessories,https://www.newegg.com/p/3B3-001J-000A3
Nintendo Switch Accessories,https://www.newegg.com/p/3B3-001J-00047
Nintendo Switch Accessories,https://www.newegg.com/p/3BJ-0046-00003?Item=9SIB2JFFMA3602&cm_sp=SP-_-1233044-_-0-_-2-_-9SIB2JFFMA3602-_-nintendo%20switch%20accessories-_-nintendo|switch-_-9
Nintendo Switch Accessories,https://www.newegg.com/nintendo-045496590178-joy-con-charging-grip/p/N82E16878190656
Nintendo Switch Accessories,https://www.newegg.com/nintendo-apnixx3kp-0mbom-other/p/N82E16888912001
Nintendo Switch Accessories,https://www.newegg.com/p/3BJ-004X-00006?Item=9SIB34MK264905&cm_sp=SP-_-2207932-_-0-_-2-_-9SIB34MK264905-_-nintendo%20switch%20accessories-_-nintendo|switch-_-12
Nintendo Switch Accessories,https://www.newegg.com/nintendo-045496590161-controller/p/N82E16878190669
Nintendo Switch Accessories,https://www.newegg.com/p/3BJ-0046-00007?Item=9SIB2JFFNE1626&cm_sp=SP-_-1233105-_-0-_-2-_-9SIB2JFFNE1626-_-nintendo%20switch%20accessories-_-nintendo|switch-_-14
Nintendo Switch Accessories,https://www.newegg.com/nintendo-hacajaqaa-controller/p/3B3-0003-000K2
Nintendo Switch Accessories,https://www.newegg.com/p/3B3-001D-00009
Nintendo Switch Accessories,https://www.newegg.com/p/3BJ-0046-00008?Item=9SIB2JFFNE1776&cm_sp=SP-_-1233090-_-0-_-2-_-9SIB2JFFNE1776-_-nintendo%20switch%20accessories-_-nintendo|switch-_-17
Nintendo Switch Accessories,https://www.newegg.com/p/3B3-001D-000J1
Nintendo Switch Accessories,https://www.newegg.com/p/3B3-0001-000B3
Nintendo Switch Accessories,https://www.newegg.com/p/3BJ-0046-00001?Item=9SIB2JFFM56618&cm_sp=SP-_-1233051-_-0-_-2-_-9SIB2JFFM56618-_-nintendo%20switch%20accessories-_-nintendo|switch-_-20
Nintendo Switch Accessories,https://www.newegg.com/hacajahaa-nintendo-switch/p/3B3-0003-004Y0
Nintendo Switch Accessories,https://www.newegg.com/controller-gear-nintendo-switch-switch-lite-sling-bag-case/p/N82E16878951002
Nintendo Switch Accessories,https://www.newegg.com/p/3BJ-0046-00009?Item=9SIB2JFFYW5336&cm_sp=SP-_-1233090-_-0-_-2-_-9SIB2JFFYW5336-_-nintendo%20switch%20accessories-_-nintendo|switch-_-23
Nintendo Switch Accessories,https://www.newegg.com/p/3B3-0003-005K7
Nintendo Switch Accessories,https://www.newegg.com/p/3BJ-0046-00001
Nintendo Switch Accessories,https://www.newegg.com/p/3B3-0003-00007
Nintendo Switch Accessories,https://www.newegg.com/p/3B3-0137-00004
Nintendo Switch Accessories,https://www.newegg.com/controller-gear-nintendo-switch-switch-lite-sling-bag-case/p/N82E16878951001
Nintendo Switch Accessories,https://www.newegg.com/p/3B3-0003-004W8
Nintendo Switch Accessories,https://www.newegg.com/10009632-nintendo-switch/p/2NG-006D-00041
Nintendo Switch Accessories,https://www.newegg.com/p/3B3-0001-00003
Nintendo Switch Accessories,https://www.newegg.com/nintendo-switch-steering-wheel-steering-wheels/p/N82E16878190963
Nintendo Switch Accessories,https://www.newegg.com/nintendo-045496590130-joy-con/p/N82E16878190659
Nintendo Switch Accessories,https://www.newegg.com/p/3B3-015T-00004
Nintendo Switch Accessories,https://www.newegg.com/p/N82E16878951003
Nintendo Switch Accessories,https://www.newegg.com/nintendo-hacajaqaa-joy-con/p/N82E16878190843
Nintendo Switch Accessories,https://www.newegg.com/nintendo-hacacasaa-other/p/0ZK-01N1-00004
Nintendo Switch Accessories,https://www.newegg.com/p/3B3-0003-00001
Nintendo Switch Accessories,https://www.newegg.com/rds-industries-663293110872-case/p/N82E16878191015
Nintendo Switch Accessories,https://www.newegg.com/p/3B3-0001-000H3
Nintendo Switch Accessories,https://www.newegg.com/p/3BJ-0046-00002?Item=9SIB2JFFMA3591&cm_sp=SP-_-1233037-_-0-_-2-_-9SIB2JFFMA3591-_-nintendo%20switch%20accessories-_-nintendo|switch-_-41
Nintendo Switch Accessories,https://www.newegg.com/p/3BJ-0046-00010?Item=9SIB2JFFZ62061&cm_sp=SP-_-1233073-_-0-_-2-_-9SIB2JFFZ62061-_-nintendo%20switch%20accessories-_-nintendo|switch-_-42
Nintendo Switch Accessories,https://www.newegg.com/p/N82E16878966011
Nintendo Switch Accessories,https://www.newegg.com/p/3B3-002D-00063
Nintendo Switch Accessories,https://www.newegg.com/p/3BJ-0046-00004?Item=9SIB2JFFMA3608&cm_sp=SP-_-1233073-_-0-_-2-_-9SIB2JFFMA3608-_-nintendo%20switch%20accessories-_-nintendo|switch-_-45
Nintendo Switch Accessories,https://www.newegg.com/p/3B3-015T-00001?Item=9SIARA0JU94949&cm_sp=SP-_-1211683-_-0-_-3-_-9SIARA0JU94949-_-nintendo%20switch%20accessories-_-nintendo|switch-_-46
Nintendo Switch Accessories,https://www.newegg.com/p/N82E16878966012
Nintendo Switch Accessories,https://www.newegg.com/p/3B3-0003-00008
Nintendo Switch Accessories,https://www.newegg.com/nintendo-045496882686-case/p/N82E16878190875
Nintendo Switch Accessories,https://www.newegg.com/nintendo-045496882655/p/N82E16878190874
Nintendo Switch Accessories,https://www.newegg.com/p/3B3-002D-000G1
Nintendo Switch Accessories,https://www.newegg.com/nintendo-hxasraaaa/p/3B3-0003-000Y0
Nintendo Switch Accessories,https://www.newegg.com/p/3B3-015T-00004?Item=9SIARA0JUX6152&cm_sp=SP-_-1211683-_-0-_-3-_-9SIARA0JUX6152-_-nintendo%20switch%20accessories-_-accessory|nintendo|switch-_-53
Nintendo Switch Accessories,https://www.newegg.com/p/3B3-0185-00001?Item=9SIAERKK5P5161&cm_sp=SP-_-967851-_-0-_-3-_-9SIAERKK5P5161-_-nintendo%20switch%20accessories-_-accessory|nintendo|switch-_-54
Nintendo Switch Accessories,https://www.newegg.com/nintendo-hacajlbaa-controller/p/N82E16878190903
Nintendo Switch Accessories,https://www.newegg.com/p/3B3-0003-004U4
Nintendo Switch Accessories,https://www.newegg.com/p/3B3-0003-000N8
Nintendo Switch Accessories,https://www.newegg.com/p/3B3-002D-000G6
Nintendo Switch Accessories,https://www.newegg.com/nintendo-hacajrpaa-controller/p/N82E16878190895
Nintendo Switch Accessories,https://www.newegg.com/p/3B3-001D-00033
Nintendo Switch Accessories,https://www.newegg.com/p/3B3-0003-00578
Nintendo Switch Accessories,https://www.newegg.com/nintendo-nvlear2b-amiibo/p/N82E16878190955
Nintendo Switch Accessories,https://www.newegg.com/p/3B3-001D-000P4
Nintendo Switch Accessories,https://www.newegg.com/nintendo-hacpaz89a/p/3B3-0003-005F0
Nintendo Switch Accessories,https://www.newegg.com/p/3B3-00CG-00004
Nintendo Switch Accessories,https://www.newegg.com/p/3B3-0003-00004
Nintendo Switch Accessories,https://www.newegg.com/hori-nsw-411u-controller/p/N82E16878097016
Nintendo Switch Accessories,https://www.newegg.com/p/3B3-001D-00034
Nintendo Switch Accessories,https://www.newegg.com/p/3BN-0001-002U4
Nintendo Switch Accessories,https://www.newegg.com/p/3B3-0001-00085
Nintendo Switch Accessories,https://www.newegg.com/p/3B3-0001-000H4
Nintendo Switch Accessories,https://www.newegg.com/p/3BJ-0046-00007
Nintendo Switch Accessories,https://www.newegg.com/nintendo-switch-mk-wheel-rb-bndl-steering-wheels/p/N82E16878190964
Nintendo Switch Accessories,https://www.newegg.com/p/3BJ-0046-00010
Nintendo Switch Accessories,https://www.newegg.com/p/3BJ-0001-00B39
Nintendo Switch Accessories,https://www.newegg.com/p/3B3-0003-00003
Nintendo Switch Accessories,https://www.newegg.com/p/3B3-0001-000J3
Nintendo Switch Accessories,https://www.newegg.com/hori-nsw-410u-controller/p/N82E16878097015
Nintendo Switch Accessories,https://www.newegg.com/hori-nsw-413u-controller/p/N82E16878097018
Nintendo Switch Accessories,https://www.newegg.com/nintendo-hacparzga/p/3B3-0003-005D3
Nintendo Switch Accessories,https://www.newegg.com/p/N82E16878097019
Nintendo Switch Accessories,https://www.newegg.com/p/N82E16878966010
Nintendo Switch Accessories,https://www.newegg.com/p/3B3-001D-000P3
Nintendo Switch Accessories,https://www.newegg.com/p/N82E16878097028
Nintendo Switch Accessories,https://www.newegg.com/p/3B3-0001-000H9
Nintendo Switch Accessories,https://www.newegg.com/the-perfect-part-3ds-2ds-dsi-original-wall-charger/p/3B3-0166-00001
Nintendo Switch Accessories,https://www.newegg.com/p/3B3-001D-00095
Nintendo Switch Accessories,https://www.newegg.com/nintendo-hacabg2aa-joy-con-wheel/p/1Z5-00HF-00001
Nintendo Switch Accessories,https://www.newegg.com/hori-nsw-417u-controller/p/N82E16878097036
Nintendo Switch Accessories,https://www.newegg.com/p/3B3-0001-00094
Nintendo Switch Accessories,https://www.newegg.com/rds-industries-663293109128-case/p/N82E16878191007
Nintendo Switch Accessories,https://www.newegg.com/p/3B3-00HF-00021
Nintendo Switch Accessories,https://www.newegg.com/nintendo-045496590642-controller/p/N82E16878190715
Nintendo Switch Accessories,https://www.newegg.com/p/N82E16878097032
Nintendo Switch Accessories,https://www.newegg.com/p/3B3-0003-00006
Nintendo Switch Accessories,https://www.newegg.com/p/N82E16878097030
Nintendo Switch Accessories,https://www.newegg.com/p/N82E16878097031
Nintendo Switch Accessories,https://www.newegg.com/p/3B3-00HF-00017
Nintendo Switch Accessories,https://www.newegg.com/p/3B3-001D-00045
Nintendo Switch Accessories,https://www.newegg.com/p/3B3-001D-00052
Nintendo Switch Accessories,https://www.newegg.com/p/3B3-001D-000J0
Nintendo Switch Accessories,https://www.newegg.com/p/N82E16878097029
Nintendo Switch Accessories,https://www.newegg.com/nintendo-50-00/p/N82E16832074004
Nintendo Switch Accessories,https://www.newegg.com/p/N82E16888026002
Nintendo Switch Accessories,https://www.newegg.com/sandisk-256gb-microsdxc/p/N82E16820173265
Nintendo Switch Accessories,https://www.newegg.com/team-1tb-microsdxc/p/N82E16820985051
Nintendo Switch Accessories,https://www.newegg.com/team-256gb-microsdxc/p/N82E16820985049
Nintendo Switch Accessories,https://www.newegg.com/team-128gb-microsdxc/p/N82E16820985048
Nintendo Switch Accessories,https://www.newegg.com/sandisk-64gb-microsdxc/p/0DF-0005-016P7
PlayStation 5 Games,https://www.newegg.com/p/3EJ-0011-00006
PlayStation 5 Games,https://www.newegg.com/p/N82E16868110329?Item=9SIAWVGK2D5971&cm_sp=SP-_-2225290-_-0-_-2-_-9SIAWVGK2D5971-_-playstation%205%20games-_-5|playstation-_-2
PlayStation 5 Games,https://www.newegg.com/p/N82E16879257182
PlayStation 5 Games,https://www.newegg.com/p/3EJ-0003-00023
PlayStation 5 Games,https://www.newegg.com/p/3EJ-0002-000M3
PlayStation 5 Games,https://www.newegg.com/p/3EJ-0002-000M6
PlayStation 5 Games,https://www.newegg.com/p/N82E16879266185
PlayStation 5 Games,https://www.newegg.com/p/N82E16879754165
PlayStation 5 Games,https://www.newegg.com/sony-dualshock-4-3001538-controller/p/N82E16879261666?Item=9SIB5WMJN09201&cm_sp=SP-_-2504302-_-0-_-3-_-9SIB5WMJN09201-_-playstation%205%20games-_-5|playstation-_-9
PlayStation 5 Games,https://www.newegg.com/p/N82E16879739007
PlayStation 5 Games,https://www.newegg.com/p/N82E16879097007
PlayStation 5 Games,https://www.newegg.com/p/3ED-004C-00003?Item=9SIBU8PK5X5978&cm_sp=SP-_-2468887-_-0-_-3-_-9SIBU8PK5X5978-_-playstation%205%20games-_-5|playstation-_-12
PlayStation 5 Games,https://www.newegg.com/p/N82E16879754197
PlayStation 5 Games,https://www.newegg.com/p/3ED-004C-00006?Item=9SIBU8PK6A6658&cm_sp=SP-_-2468880-_-0-_-3-_-9SIBU8PK6A6658-_-playstation%205%20games-_-5|playstation-_-14
PlayStation 5 Games,https://www.newegg.com/p/N82E16879262322
PlayStation 5 Games,https://www.newegg.com/p/N82E16879966010
PlayStation 5 Games,https://www.newegg.com/ishako-ps4-controller-nebula-red/p/2J5-01D1-00002?Item=9SIBHM1JCC0842&cm_sp=SP-_-2002449-_-0-_-3-_-9SIBHM1JCC0842-_-playstation%205%20games-_-5|playstation-_-17
PlayStation 5 Games,https://www.newegg.com/p/N82E16879233156
PlayStation 5 Games,https://www.newegg.com/p/N82E16879204248
PlayStation 5 Games,https://www.newegg.com/p/3ED-004C-00002?Item=9SIBU8PK5W2220&cm_sp=SP-_-2468880-_-0-_-3-_-9SIBU8PK5W2220-_-playstation%205%20games-_-5|playstation-_-20
PlayStation 5 Games,https://www.newegg.com/p/N82E16879204275
PlayStation 5 Games,https://www.newegg.com/p/N82E16879262264
PlayStation 5 Games,https://www.newegg.com/p/3EC-001C-00006?Item=9SIBPCGJXU3436&cm_sp=SP-_-2063865-_-0-_-3-_-9SIBPCGJXU3436-_-playstation%205%20games-_-5|playstation-_-23
PlayStation 5 Games,https://www.newegg.com/p/N82E16879218259
PlayStation 5 Games,https://www.newegg.com/p/N82E16879262303
PlayStation 5 Games,https://www.newegg.com/p/N82E16879204274
PlayStation 5 Games,https://www.newegg.com/p/N82E16879807082
PlayStation 5 Games,https://www.newegg.com/p/N82E16879262266
PlayStation 5 Games,https://www.newegg.com/p/N82E16879754236
PlayStation 5 Games,https://www.newegg.com/p/N82E16879558075
PlayStation 5 Games,https://www.newegg.com/p/N82E16879257201
PlayStation 5 Games,https://www.newegg.com/p/N82E16879218252
PlayStation 5 Games,https://www.newegg.com/p/3EJ-0002-00020
PlayStation 5 Games,https://www.newegg.com/p/N82E16879257215
PlayStation 5 Games,https://www.newegg.com/p/3EJ-0002-000M4
PlayStation 5 Games,https://www.newegg.com/p/N82E16879253255
PlayStation 5 Games,https://www.newegg.com/p/N82E16879265098
PlayStation 5 Games,https://www.newegg.com/p/N82E16879754210
PlayStation 5 Games,https://www.newegg.com/p/N82E16879754170
PlayStation 5 Games,https://www.newegg.com/p/N82E16879754199
PlayStation 5 Games,https://www.newegg.com/p/N82E16879754225
PlayStation 5 Games,https://www.newegg.com/p/N82E16879754192
PlayStation 5 Games,https://www.newegg.com/p/N82E16879721016
PlayStation 5 Games,https://www.newegg.com/p/N82E16879754250
PlayStation 5 Games,https://www.newegg.com/p/N82E16879256030
PlayStation 5 Games,https://www.newegg.com/p/N82E16879754230
PlayStation 5 Games,https://www.newegg.com/p/N82E16879754231
PlayStation 5 Games,https://www.newegg.com/p/N82E16879754194
PlayStation 5 Games,https://www.newegg.com/p/N82E16879754191
PlayStation 5 Games,https://www.newegg.com/p/N82E16879754218
PlayStation 5 Games,https://www.newegg.com/p/N82E16879754232
PlayStation 5 Games,https://www.newegg.com/p/N82E16879966011
PlayStation 5 Games,https://www.newegg.com/p/N82E16879204236
PlayStation 5 Games,https://www.newegg.com/p/N82E16879754259
PlayStation 5 Games,https://www.newegg.com/p/N82E16879754253
PlayStation 5 Games,https://www.newegg.com/p/N82E16879273090
PlayStation 5 Games,https://www.newegg.com/p/N82E16879754235
PlayStation 5 Games,https://www.newegg.com/p/N82E16879754216
PlayStation 5 Games,https://www.newegg.com/p/N82E16879257213
PlayStation 5 Games,https://www.newegg.com/p/N82E16879754222
PlayStation 5 Games,https://www.newegg.com/p/N82E16879754201
PlayStation 5 Games,https://www.newegg.com/p/N82E16879754239
PlayStation 5 Games,https://www.newegg.com/p/N82E16879739012
PlayStation 5 Games,https://www.newegg.com/p/N82E16879754175
PlayStation 5 Games,https://www.newegg.com/p/N82E16879257199
PlayStation 5 Games,https://www.newegg.com/p/N82E16879721014
PlayStation 5 Games,https://www.newegg.com/p/N82E16879807115
PlayStation 5 Games,https://www.newegg.com/p/N82E16879954027
PlayStation 5 Games,https://www.newegg.com/p/N82E16879558076
PlayStation 5 Games,https://www.newegg.com/p/N82E16879754147
PlayStation 5 Games,https://www.newegg.com/p/N82E16879262270
PlayStation 5 Games,https://www.newegg.com/p/N82E16879248157
PlayStation 5 Games,https://www.newegg.com/p/N82E16879807103
PlayStation 5 Games,https://www.newegg.com/p/N82E16879266166
PlayStation 5 Games,https://www.newegg.com/p/N82E16879256018
PlayStation 5 Games,https://www.newegg.com/p/N82E16879721013
PlayStation 5 Games,https://www.newegg.com/p/N82E16879754203
PlayStation 5 Games,https://www.newegg.com/p/N82E16879705069
PlayStation 5 Games,https://www.newegg.com/p/N82E16879500007
PlayStation 5 Games,https://www.newegg.com/p/N82E16879256034
PlayStation 5 Games,https://www.newegg.com/p/N82E16879705068
PlayStation 5 Games,https://www.newegg.com/p/N82E16879705067
PlayStation 5 Games,https://www.newegg.com/p/N82E16879256035
PlayStation 5 Games,https://www.newegg.com/p/N82E16879256032
PlayStation 5 Games,https://www.newegg.com/p/N82E16879705066
PlayStation 5 Games,https://www.newegg.com/p/N82E16879256012
PlayStation 5 Games,https://www.newegg.com/p/3EJ-0002-000H3
PlayStation 5 Games,https://www.newegg.com/p/N82E16879807096
PlayStation 5 Games,https://www.newegg.com/p/N82E16879256033
PlayStation 5 Games,https://www.newegg.com/p/N82E16879262334
PlayStation 5 Games,https://www.newegg.com/p/N82E16879261986
PlayStation 5 Games,https://www.newegg.com/p/N82E16879257210
PlayStation 5 Games,https://www.newegg.com/p/N82E16879754206
PlayStation 5 Games,https://www.newegg.com/p/N82E16879273087
PlayStation 5 Games,https://www.newegg.com/p/N82E16879266186
PlayStation 5 Games,https://www.newegg.com/p/N82E16879335114
PlayStation 5 Games,https://www.newegg.com/p/N82E16879262338
PlayStation 5 Games,https://www.newegg.com/p/N82E16879265117
PlayStation 5 Games,https://www.newegg.com/p/N82E16879273086
PlayStation 5 Games,https://www.newegg.com/p/N82E16879265119
PlayStation 5 Games,https://www.newegg.com/p/N82E16879265116
PlayStation 5 Games,https://www.newegg.com/kingspec-4tb-xg-7000-series/p/0D9-000D-00175
PlayStation 5 Games,https://www.newegg.com/uperfect-m160c01w-16-qhd/p/0JC-00VS-00013
Gaming Monitors,https://www.newegg.com/asrock-phantom-gaming-pg34wq15r2b-34-wqhd-165-hz-va-black/p/N82E16824028001
Gaming Monitors,https://www.newegg.com/asrock-pg27qft2a-27-qhd-180-hz-ips-black/p/N82E16824028007
Gaming Monitors,https://www.newegg.com/z-edge-neug27pj-27-fhd-240-hz-gamers-line-ips-black/p/3D4-004G-00051?Item=9SIAT2EKAV0841&cm_sp=SP-_-764954-_-0-_-2-_-9SIAT2EKAV0841-_-gaming%20monitor-_-gaming|monitor-_-3
Gaming Monitors,https://www.newegg.com/acer-qg241y-s3bmiipx-24-fhd-180-hz-nitro-va-black/p/N82E16824011481
Gaming Monitors,https://www.newegg.com/p/3D4-007M-00024?Item=9SIBSK6K810560&cm_sp=SP-_-2739125-_-0-_-3-_-9SIBSK6K810560-_-gaming%20monitor-_-gaming|monitor-_-5
Gaming Monitors,https://www.newegg.com/acer-kg271u-xbmiipx-27-qhd-240-hz-va-black/p/N82E16824011486
Gaming Monitors,https://www.newegg.com/asrock-phantom-gaming-pg27q15r2a-27-qhd-165-hz-va-black/p/N82E16824028005
Gaming Monitors,https://www.newegg.com/acer-vg271u-m3bmiipx-27-wqhd-144hz-using-hdmi-port-180hz-using-display-port-nitro-ips-black/p/N82E16824011467
Gaming Monitors,https://www.newegg.com/p/3D4-007C-00015?Item=9SIBK6TK2P5478&cm_sp=SP-_-2235669-_-0-_-2-_-9SIBK6TK2P5478-_-gaming%20monitor-_-gaming|monitor-_-9
Gaming Monitors,https://www.newegg.com/acer-kg251q-zbiip-24-5-fhd-250hz-using-display-port-240hz-using-hdmi-port-va/p/N82E16824011438
Gaming Monitors,https://www.newegg.com/acer-vg272u-w2bmiipx-27-wqhd-144hz-using-hdmi-port-240hz-using-display-port-nitro-ips-black/p/N82E16824011485
Gaming Monitors,https://www.newegg.com/p/3D4-007M-00021?Item=9SIBSK6K744759&cm_sp=SP-_-2402877-_-0-_-2-_-9SIBSK6K744759-_-gaming%20monitor-_-gaming|monitor-_-12
Gaming Monitors,https://www.newegg.com/asus-pg27aqdp-27-qhd-480-hz-rog-swift-oled-black/p/N82E16824281326
Gaming Monitors,https://www.newegg.com/asus-pg27aqdp-27-qhd-480-hz-rog-swift-oled-black/p/N82E16824281326
Gaming Monitors,https://www.newegg.com/acer-qg241y-ebii-24-fhd-100hz-using-hdmi-port-nitro-ips-black/p/N82E16824011459?Item=N82E16824011459&cm_sp=SP-_-2730209-_-0-_-2-_-24-011-459-_-gaming%20monitor-_-gaming|monitor-_-15
Gaming Monitors,https://www.newegg.com/msi-g27cq4-e2-27-0-wqhd-170-hz-va-metallic-black/p/N82E16824475294
Gaming Monitors,https://www.newegg.com/aoc-q27g3xmn-27-qhd-180-hz-144-hz-va-black-red/p/N82E16824160516
Gaming Monitors,https://www.newegg.com/p/3D4-007M-00025?Item=9SIBSK6K874923&cm_sp=SP-_-2739125-_-0-_-2-_-9SIBSK6K874923-_-gaming%20monitor-_-gaming|monitor-_-18
Gaming Monitors,https://www.newegg.com/acer-kg271u-pbiip-27-qhd-170hz-using-display-port-144hz-using-hdmi-port-va-black/p/N82E16824011452
Gaming Monitors,https://www.newegg.com/gigabyte-g34wqc-a-sa-34-uwqhd-144-hz-va-black/p/N82E16824012046
Gaming Monitors,https://www.newegg.com/p/3D4-007M-00022?Item=9SIBSK6K7M7993&cm_sp=SP-_-2530802-_-0-_-2-_-9SIBSK6K7M7993-_-gaming%20monitor-_-gaming|monitor-_-21
Gaming Monitors,https://www.newegg.com/asrock-phantom-gaming-pg32qf2b-32-qhd-165-hz-va-black/p/N82E16824028004
Gaming Monitors,https://www.newegg.com/black-sealan-q340b-34/p/3D4-0082-00001
Gaming Monitors,https://www.newegg.com/acer-kg271u-xbmiipx-27-qhd-240-hz-va-black/p/N82E16824011486?Item=N82E16824011486&cm_sp=SP-_-2730209-_-0-_-2-_-24-011-486-_-gaming%20monitor-_-gaming|monitor-_-24
Gaming Monitors,https://www.newegg.com/samsung-ls49cg954snxza-49-dqhd-240-hz-odyssey-oled-g95sc-silver/p/N82E16824027256
Gaming Monitors,https://www.newegg.com/lg-27gl83a-b-27-qhd-144-hz-ultragear-ips/p/N82E16824026281
Gaming Monitors,https://www.newegg.com/asus-vg279ql1a-27-fhd/p/N82E16824281081
Gaming Monitors,https://www.newegg.com/aopen-24kg3y-m3bip-24-fhd-180-hz-ips-black/p/N82E16824174052
Gaming Monitors,https://www.newegg.com/msi-mag-27cq6f-27-qhd-180-hz-rapid-va-metallic-black/p/N82E16824475397
Gaming Monitors,https://www.newegg.com/p/3D4-007M-00021
Gaming Monitors,https://www.newegg.com/viewsonic-vx2267-mhd-22-fhd-75-hz-mva/p/N82E16824117091
Gaming Monitors,https://www.newegg.com/p/3D4-000V-00087
Gaming Monitors,https://www.newegg.com/asrock-phantom-gaming-pg27ff1a-27-fhd-165-hz-ips-black/p/N82E16824028002
Gaming Monitors,https://www.newegg.com/gigabyte-g27q-27-qhd-144-hz-ips-black/p/N82E16824012015
Gaming Monitors,https://www.newegg.com/p/0JC-0016-00345
Gaming Monitors,https://www.newegg.com/samsung-ls32bg852nnxgo-32-uhd-max-240-hz-odyssey-neo-g8-va/p/N82E16824027121
Gaming Monitors,https://www.newegg.com/lg-29wp60g-b-29-uwfhd-75-hz-ips-black/p/N82E16824026099
Gaming Monitors,https://www.newegg.com/viewsonic-vx2767-mhd-27-fhd-75-hz-mva/p/N82E16824117076
Gaming Monitors,https://www.newegg.com/p/3D4-000V-00088
Gaming Monitors,https://www.newegg.com/acer-eda343cur-hbmiippx-34-uwqhd-100-hz-nitro-va/p/N82E16824011505
Gaming Monitors,https://www.newegg.com/msi-mpg-341cqpx-qd-oled-34-uwqhd-240-hz-metallic-black/p/N82E16824475392
Gaming Monitors,https://www.newegg.com/p/3D4-007C-00006
Gaming Monitors,https://www.newegg.com/acer-ed270u-p2bmiipx-27-qhd-170-hz-va-black/p/N82E16824011453
Gaming Monitors,https://www.newegg.com/acer-qg241y-ebii-24-fhd-100hz-using-hdmi-port-nitro-ips-black/p/N82E16824011459
Gaming Monitors,https://www.newegg.com/asus-vg27aqa1a-27-wqhd-170-hz-va-black/p/N82E16824281243
Gaming Monitors,https://www.newegg.com/acer-xz323qu-x3bmiiphx-32-qhd-240hz-using-display-port-144hz-using-hdmi-port-nitro-va-black/p/N82E16824011458
Gaming Monitors,https://www.newegg.com/asus-vg249q1r-24-fhd-165-hz-tuf-gaming-ips-black/p/N82E16824281256
Gaming Monitors,https://www.newegg.com/gigabyte-gs34wqc-34-wqhd-120hz-oc-135hz-va-black/p/N82E16824012067
Gaming Monitors,https://www.newegg.com/p/3D4-007C-00016
Gaming Monitors,https://www.newegg.com/msi-mag-274upf-e2-27-uhd-160-hz-rapid-ips-metallic-black/p/N82E16824475413
Gaming Monitors,https://www.newegg.com/black-sealan-z270b-27/p/3D4-0082-00008
Gaming Monitors,https://www.newegg.com/p/15Z-0867-00003
Gaming Monitors,https://www.newegg.com/aoc-cq32g3se-31-5-qhd-165-hz-144-hz-va-black-red/p/N82E16824160465
Gaming Monitors,https://www.newegg.com/asus-xg27aqdmg-27-qhd-240-hz-oled/p/N82E16824281313
Gaming Monitors,https://www.newegg.com/gigabyte-gs32q-32-qhd-165hz-oc-170hz-ss-ips-black/p/N82E16824012069
Gaming Monitors,https://www.newegg.com/msi-mag342cqr-34-uwqhd-144-hz-optix-va-metallic-black/p/N82E16824475103
Gaming Monitors,https://www.newegg.com/msi-mpg-321urx-qd-oled-32-uhd-240-hz/p/N82E16824475357
Gaming Monitors,https://www.newegg.com/gigabyte-gs27qa-sa-27-qhd-180-hz-super-speed-ips-black/p/N82E16824012083
Gaming Monitors,https://www.newegg.com/lg-34gs95qe-b-34-wqhd-240-hz-ultragear-oled/p/N82E16824026406
Gaming Monitors,https://www.newegg.com/samsung-ls43cg702nnxza-43-uhd-144-hz-odyssey-neo-g7-mini-led/p/N82E16824027247
Gaming Monitors,https://www.newegg.com/gigabyte-m27q-x-27-qhd-240-hz-super-speed-ips/p/N82E16824012048
Gaming Monitors,https://www.newegg.com/p/3D4-000A-00061
Gaming Monitors,https://www.newegg.com/aoc-cq27g3s-27-qhd-165-hz-144-hz-va-black-red/p/N82E16824160464
Gaming Monitors,https://www.newegg.com/asrock-pg27qft1b-27-qhd-180-hz-ips-black/p/N82E16824946003
Gaming Monitors,https://www.newegg.com/msi-optix-g32c4w-32-fhd-165-hz-va-black/p/N82E16824475211
Gaming Monitors,https://www.newegg.com/msi-mag274qrf-qd-e2-27-qhd-180-hz-rapid-ips-with-quantum-dot-technology-black/p/N82E16824475352
Gaming Monitors,https://www.newegg.com/msi-g274qpx-27-qhd-240-hz-rapid-ips-metallic-black/p/N82E16824475302
Gaming Monitors,https://www.newegg.com/msi-g255pf-e2-25-fhd-180-hz-rapid-ips-metallic-black/p/N82E16824475354
Gaming Monitors,https://www.newegg.com/msi-g273cq-27-qhd-170-hz-va-black/p/N82E16824475279
Gaming Monitors,https://www.newegg.com/p/N82E16824014975
Gaming Monitors,https://www.newegg.com/p/3D4-000A-00069
Gaming Monitors,https://www.newegg.com/asus-pg32ucdm-31-5-uhd-240-hz-rog-swift-oled-qd-oled-black/p/N82E16824281297
Gaming Monitors,https://www.newegg.com/msi-mag321cup-32-uhd-160-hz-va-metallic-black/p/N82E16824475384
Gaming Monitors,https://www.newegg.com/samsung-ls32dg802snxza-32-uhd-240-hz-odyssey-oled-g8-silver/p/N82E16824027330
Gaming Monitors,https://www.newegg.com/asus-pg38uq-38-0-uhd-144-hz-rog-swift-fast-ips/p/N82E16824281268
Gaming Monitors,https://www.newegg.com/asus-vz24ehf-24-fhd-100-hz-ips-black/p/N82E16824281303
Gaming Monitors,https://www.newegg.com/msi-mag256f-25-fhd-180-hz-rapid-ips-metallic-black/p/N82E16824475376
Gaming Monitors,https://www.newegg.com/msi-g272qpf-e2-27-wqhd-180-hz-rapid-ips/p/N82E16824475370
Gaming Monitors,https://www.newegg.com/black-zeuslap-z15-series-z15st-15-6/p/3D4-006V-00002
Gaming Monitors,https://www.newegg.com/p/3D4-004G-00044
Gaming Monitors,https://www.newegg.com/acer-eda270-x2biip-27-fhd-240-hz-nitro-va/p/N82E16824011504
Gaming Monitors,https://www.newegg.com/asrock-phantom-gaming-pg27f15rs1a-27-fhd-240-hz-va-black/p/N82E16824028006
Gaming Monitors,https://www.newegg.com/black-z-edge-gaming-monitor-ug32-27/p/3D4-001R-00013
Gaming Monitors,https://www.newegg.com/asus-pg32ucdp-32-uhd-dual-mode-4k-240hz-fhd-480hz-rog-swift-woled/p/N82E16824281314
Gaming Monitors,https://www.newegg.com/samsung-c34g55t-34-ultra-wqhd-165-hz-odyssey-g5-va-black/p/N82E16824022912
Gaming Monitors,https://www.newegg.com/aoc-ag493ucx2-49-dqhd-165-hz-va-black/p/N82E16824160502
Gaming Monitors,https://www.newegg.com/aoc-q27g4xn-27-qhd-180-hz-va-black-red/p/N82E16824160520
Gaming Monitors,https://www.newegg.com/aopen-34hc5cur-pbmiiphx-34-uwqhd-144hz-using-display-port-100hz-using-hdmi-port-va-black-red/p/N82E16824174056
Gaming Monitors,https://www.newegg.com/samsung-odyssey-g55c-32-0-qhd-165-hz-va-black/p/N82E16824027312
Gaming Monitors,https://www.newegg.com/asus-xg27aqv-27-wqhd-170-hz-rog-strix-fast-ips-black/p/N82E16824281245
Gaming Monitors,https://www.newegg.com/acer-xv273k-v3bmiiprx-27-uhd-160-hz-nitro-ips-black/p/N82E16824011500
Gaming Monitors,https://www.newegg.com/msi-g2412f-24-fhd-180-hz-rapid-ips-metallic-black/p/N82E16824475355
Gaming Monitors,https://www.newegg.com/asus-vg328qa1a-32-fhd-170-hz-tuf-gaming-va-black/p/N82E16824281262
Gaming Monitors,https://www.newegg.com/samsung-ls34bg850snxza-34-wqhd-175-hz-g85sb-qd-oled/p/N82E16824027217
Gaming Monitors,https://www.newegg.com/p/3D4-007J-000J1
Gaming Monitors,https://www.newegg.com/uperfect-m160c01w-16-qhd/p/0JC-00VS-00013
Gaming Monitors,https://www.newegg.com/black-unew-cx156tp-f-4k-15-6/p/3D4-0080-00004
Gaming Monitors,https://www.newegg.com/15-6-rehisk-re15-6-rn/p/3D4-0076-00004
Gaming Monitors,https://www.newegg.com/rehisk-re-15-6ks-15-6-fhd/p/0JC-00VN-00001
Gaming Monitors,https://www.newegg.com/black-unew-15-6-series-cx156-c-15-6/p/3D4-0080-00002
Gaming Monitors,https://www.newegg.com/rehisk-re-15-6sc-15-6-fhd/p/0JC-00VN-00002
Gaming Monitors,https://www.newegg.com/p/3D4-0076-00021
Gaming Monitors,https://www.newegg.com/p/3D4-0076-00020
Gaming Monitors,https://www.newegg.com/asus-pg39wcdm-39-uwqhd-240-hz-rog-swift-oled/p/N82E16824281308
Virtual Reality Accessories,https://www.newegg.com/p/37R-003Z-00001
Virtual Reality Accessories,https://www.newegg.com/p/37R-0049-00026
Virtual Reality Accessories,https://www.newegg.com/p/37R-003Z-00001?Item=9SIAMZWE069134&cm_sp=SP-_-506039-_-0-_-3-_-9SIAMZWE069134-_-vr%20accessories-_-accessory|vr-_-3
Virtual Reality Accessories,https://www.newegg.com/p/37R-001K-00030
Virtual Reality Accessories,https://www.newegg.com/p/37R-001K-00035
Virtual Reality Accessories,https://www.newegg.com/oculus-301-00311-01-cable/p/N82E16826910023
Virtual Reality Accessories,https://www.newegg.com/meta-quest-sk-1000039-01/p/N82E16826910071
Virtual Reality Accessories,https://www.newegg.com/meta-quest-sk-1000039-01/p/N82E16826910070
Virtual Reality Accessories,https://www.newegg.com/p/37R-0049-00032?Item=9SIAYK3FJU3734&cm_sp=SP-_-1002578-_-0-_-1-_-9SIAYK3FJU3734-_-vr%20accessories-_-vr-_-9
Virtual Reality Accessories,https://www.newegg.com/meta-quest-sk-1000009-01/p/N82E16826910069
Virtual Reality Accessories,https://www.newegg.com/p/37R-0049-00032
Virtual Reality Accessories,https://www.newegg.com/p/37R-002W-00001?Item=9SIAMYED3H2209&cm_sp=SP-_-1079611-_-0-_-3-_-9SIAMYED3H2209-_-vr%20accessories-_-accessory|vr-_-12
Virtual Reality Accessories,https://www.newegg.com/meta-quest-sk-1000045-01/p/N82E16826910067
Virtual Reality Accessories,https://www.newegg.com/p/37R-001C-000D9?Item=9SIA4REJXW3570&cm_sp=SP-_-2027350-_-0-_-0-_-9SIA4REJXW3570-_-vr%20accessories-_-accessory|vr-_-14
Virtual Reality Accessories,https://www.newegg.com/p/37R-0049-00076
Virtual Reality Accessories,https://www.newegg.com/p/N82E16826910058
Virtual Reality Accessories,https://www.newegg.com/p/37R-0049-000A2
Virtual Reality Accessories,https://www.newegg.com/oculus-quest-2-faceplate/p/37R-0049-00001
Virtual Reality Accessories,https://www.newegg.com/htc-99h12160-00-virtual-reality-headset-and-controllers-tracker/p/N82E16826918047
Virtual Reality Accessories,https://www.newegg.com/htc-99hass001-00-motion-tracker/p/N82E16826918052
Virtual Reality Accessories,https://www.newegg.com/p/37R-002W-00094
Virtual Reality Accessories,https://www.newegg.com/meta-quest-sk-1000044-01/p/N82E16826910068
Virtual Reality Accessories,https://www.newegg.com/p/37R-009C-00002
Virtual Reality Accessories,https://www.newegg.com/p/37R-0049-00071
Virtual Reality Accessories,https://www.newegg.com/p/37R-0046-000P5
Virtual Reality Accessories,https://www.newegg.com/p/37R-0049-00029
Virtual Reality Accessories,https://www.newegg.com/p/37R-0049-00080
Virtual Reality Accessories,https://www.newegg.com/p/37R-0046-000R5
Virtual Reality Accessories,https://www.newegg.com/p/37R-001K-00025
Virtual Reality Accessories,https://www.newegg.com/p/37R-0049-00073
Virtual Reality Accessories,https://www.newegg.com/p/37R-0046-000N7
Virtual Reality Accessories,https://www.newegg.com/p/37R-0049-000A1
Virtual Reality Accessories,https://www.newegg.com/p/37R-0049-00075
Virtual Reality Accessories,https://www.newegg.com/p/N82E16826910055
Virtual Reality Accessories,https://www.newegg.com/p/37R-0097-00014
Virtual Reality Accessories,https://www.newegg.com/p/37R-0046-000N8
Virtual Reality Accessories,https://www.newegg.com/p/37R-0049-00059
Virtual Reality Accessories,https://www.newegg.com/p/37R-0046-000P9
Virtual Reality Accessories,https://www.newegg.com/p/37R-002W-00098
Virtual Reality Accessories,https://www.newegg.com/p/37R-0048-00003
Virtual Reality Accessories,https://www.newegg.com/htc-99hafs002-00-base-station/p/N82E16826918007
Virtual Reality Accessories,https://www.newegg.com/p/37R-0097-00008
Virtual Reality Accessories,https://www.newegg.com/p/37R-001K-00023
Virtual Reality Accessories,https://www.newegg.com/soundcore-vr-p10-earbud/p/0TH-06BS-000A2
Virtual Reality Accessories,https://www.newegg.com/p/37R-0049-00095
Virtual Reality Accessories,https://www.newegg.com/p/37R-0049-00093
Virtual Reality Accessories,https://www.newegg.com/htc-99h20733-00-charger/p/N82E16826918063
Virtual Reality Accessories,https://www.newegg.com/p/37R-005B-00013
Virtual Reality Accessories,https://www.newegg.com/p/37R-0049-000A0
Virtual Reality Accessories,https://www.newegg.com/p/37R-0049-00069
Virtual Reality Accessories,https://www.newegg.com/p/37R-0094-00001
Virtual Reality Accessories,https://www.newegg.com/p/37R-0069-00005
Virtual Reality Accessories,https://www.newegg.com/p/37R-0049-00094
Virtual Reality Accessories,https://www.newegg.com/p/37R-0049-00070
Virtual Reality Accessories,https://www.newegg.com/p/37R-001K-00027
Virtual Reality Accessories,https://www.newegg.com/p/37R-0049-000A7
Virtual Reality Accessories,https://www.newegg.com/p/37R-0049-000A8
Virtual Reality Accessories,https://www.newegg.com/p/37R-0049-00005
Virtual Reality Accessories,https://www.newegg.com/p/37R-008B-00025
Virtual Reality Accessories,https://www.newegg.com/oculus-quest-2-headphones/p/37R-0048-00010
Virtual Reality Accessories,https://www.newegg.com/kiwi-design-quest-2-cover/p/37R-0049-00078
Virtual Reality Accessories,https://www.newegg.com/p/37R-0049-00099
Virtual Reality Accessories,https://www.newegg.com/p/37R-0097-00016
Virtual Reality Accessories,https://www.newegg.com/p/37R-0049-00098
Virtual Reality Accessories,https://www.newegg.com/p/37R-0049-00034
Virtual Reality Accessories,https://www.newegg.com/p/37R-0049-000A9
Virtual Reality Accessories,https://www.newegg.com/meta-quest-pro-compact-charging-dock/p/N82E16826910045
Virtual Reality Accessories,https://www.newegg.com/p/37R-0049-000B0
Virtual Reality Accessories,https://www.newegg.com/p/37R-0049-000A4
Virtual Reality Accessories,https://www.newegg.com/valve-index-input-device/p/37R-0048-00002
Virtual Reality Accessories,https://www.newegg.com/p/37R-0097-00019
Virtual Reality Accessories,https://www.newegg.com/p/37R-0049-000A3
Virtual Reality Accessories,https://www.newegg.com/p/37R-003P-00003
Virtual Reality Accessories,https://www.newegg.com/p/37R-002W-000B2
Virtual Reality Accessories,https://www.newegg.com/p/37R-002V-000B8
Virtual Reality Accessories,https://www.newegg.com/p/37R-002W-000A6
Virtual Reality Accessories,https://www.newegg.com/p/37R-002W-00001
Virtual Reality Accessories,https://www.newegg.com/p/N82E16826910060
Virtual Reality Accessories,https://www.newegg.com/p/37R-002W-000C0
Virtual Reality Accessories,https://www.newegg.com/p/37R-002W-00020
Virtual Reality Accessories,https://www.newegg.com/p/37R-002W-000B6
Virtual Reality Accessories,https://www.newegg.com/p/37R-006N-00010
Virtual Reality Accessories,https://www.newegg.com/p/37R-002W-000C5
Virtual Reality Accessories,https://www.newegg.com/htc-99hamr001-00-audio-strap/p/N82E16826918014
Virtual Reality Accessories,https://www.newegg.com/anker-powerline-usb-c-to-usb-3-0-cable/p/0S8-014F-00126
Virtual Reality Accessories,https://www.newegg.com/p/37R-002W-000C3
Virtual Reality Accessories,https://www.newegg.com/p/37R-002W-00018
Virtual Reality Accessories,https://www.newegg.com/p/37R-002W-00082
Virtual Reality Accessories,https://www.newegg.com/p/37R-006U-00029
Virtual Reality Accessories,https://www.newegg.com/p/37R-006U-00058
Virtual Reality Accessories,https://www.newegg.com/p/37R-002W-00042
Virtual Reality Accessories,https://www.newegg.com/square-enix-final-fantasy-xiv-online-60-day-time-card/p/N82E16832166404
Virtual Reality Accessories,https://www.newegg.com/p/37R-002W-00040
Virtual Reality Accessories,https://www.newegg.com/gigabyte-g27q-27-qhd-144-hz-ips-black/p/N82E16824012015
Virtual Reality Accessories,https://www.newegg.com/p/37R-008B-00001
Virtual Reality Accessories,https://www.newegg.com/gigabyte-gs34wqc-34-wqhd-120hz-oc-135hz-va-black/p/N82E16824012067
Virtual Reality Accessories,https://www.newegg.com/sony-50-00/p/N82E16832886003
Virtual Reality Accessories,https://www.newegg.com/gigabyte-gs32q-32-qhd-165hz-oc-170hz-ss-ips-black/p/N82E16824012069
Virtual Reality Accessories,https://www.newegg.com/msi-s10-43g0110-ec4-controller-black/p/N82E16826554067
Virtual Reality Accessories,https://www.newegg.com/p/37R-005S-00092
Gaming Chairs,https://www.newegg.com/black-1-dowinx-ls-6689-gaming-chair/p/358-007U-000C7
Gaming Chairs,https://www.newegg.com/black-dowinx-ls-665001-chair/p/358-007U-000E3
Gaming Chairs,https://www.newegg.com/grey-dowinx-ls-668801f-chair-with-accessory/p/358-007U-000B8?Item=9SIAKUYK9R2117&cm_sp=SP-_-2318607-_-0-_-6-_-9SIAKUYK9R2117-_-gaming%20chair-_-chair|gaming-_-3
Gaming Chairs,https://www.newegg.com/black-dowinx-ls-6650ng/p/358-007U-000G3?Item=9SIAKUYKCG3077&cm_sp=SP-_-2599736-_-0-_-2-_-9SIAKUYKCG3077-_-gaming%20chair-_-chair|gaming-_-4
Gaming Chairs,https://www.newegg.com/p/358-003W-00042
Gaming Chairs,https://www.newegg.com/black-1-dowinx-ls-6655-gaming-chair/p/358-007U-000D4
Gaming Chairs,https://www.newegg.com/grey-dowinx-ls-668801f-chair-with-accessory/p/358-007U-000B8
Gaming Chairs,https://www.newegg.com/p/3EB-008Z-00017
Gaming Chairs,https://www.newegg.com/p/358-0002-00209?Item=9SIAS58K454359&cm_sp=SP-_-2295679-_-0-_-6-_-9SIAS58K454359-_-gaming%20chair-_-chair|gaming-_-9
Gaming Chairs,https://www.newegg.com/light-grey-dowinx-ls-665801f/p/358-007U-000D9
Gaming Chairs,https://www.newegg.com/charcoal-fractal-design-fd-ch-re1f-01-computer-gaming/p/N82E16826816217
Gaming Chairs,https://www.newegg.com/red-vitesse-msg-ml-kwfrc00-chair/p/358-003W-00028?Item=9SIAG9FHPD6861&cm_sp=SP-_-2513279-_-0-_-0-_-9SIAG9FHPD6861-_-gaming%20chair-_-chair|gaming-_-12
Gaming Chairs,https://www.newegg.com/red-vitesse-msg-ml-kwfrc00-chair/p/358-003W-00028
Gaming Chairs,https://www.newegg.com/p/358-006E-00027
Gaming Chairs,https://www.newegg.com/blue-e-win-flash-xl-size-upgraded-series-gaming-chair/p/358-0022-000J8?Item=9SIAENAKAZ4380&cm_sp=SP-_-2383189-_-0-_-2-_-9SIAENAKAZ4380-_-gaming%20chair-_-chair|gaming-_-15
Gaming Chairs,https://www.newegg.com/black-fabric-corsair-cf-9010051-ww-computer-gaming/p/N82E16826816210
Gaming Chairs,https://www.newegg.com/p/358-058H-00001
Gaming Chairs,https://www.newegg.com/p/358-0002-00213?Item=9SIAS58K454360&cm_sp=SP-_-2530860-_-0-_-6-_-9SIAS58K454360-_-gaming%20chair-_-chair|gaming-_-18
Gaming Chairs,https://www.newegg.com/p/358-05BT-00001
Gaming Chairs,https://www.newegg.com/p/358-05BH-00004
Gaming Chairs,https://www.newegg.com/grey-1-dowinx-ls-6689-chair/p/358-007U-000C5?Item=9SIAKUYK9U0317&cm_sp=SP-_-2318571-_-0-_-0-_-9SIAKUYK9U0317-_-gaming%20chair-_-chair|gaming-_-21
Gaming Chairs,https://www.newegg.com/p/358-003D-000X1
Gaming Chairs,https://www.newegg.com/black-playseat-challenge-actifit-racing/p/N82E16826989091
Gaming Chairs,https://www.newegg.com/p/358-0002-00219?Item=9SIAS58K454415&cm_sp=SP-_-2389198-_-0-_-6-_-9SIAS58K454415-_-gaming%20chair-_-chair|gaming-_-24
Gaming Chairs,https://www.newegg.com/charcoal-fractal-design-fd-ch-re1m-01-computer-gaming/p/N82E16826816216
Gaming Chairs,https://www.newegg.com/black-dowinx-ls-6650ng/p/358-007U-000G3
Gaming Chairs,https://www.newegg.com/p/358-003W-00046
Gaming Chairs,https://www.newegg.com/black-corsair-cf-9010050-ww-computer-gaming/p/N82E16826816201
Gaming Chairs,https://www.newegg.com/p/358-05BH-00005
Gaming Chairs,https://www.newegg.com/p/358-003D-000W6
Gaming Chairs,https://www.newegg.com/black-playseat-rac-00178-floor-mat-xl/p/N82E16826989084
Gaming Chairs,https://www.newegg.com/black-dowinx-ls-6657d/p/358-007U-000D3
Gaming Chairs,https://www.newegg.com/grey-dowinx-ls-6657a-chair/p/358-007U-000C0
Gaming Chairs,https://www.newegg.com/p/358-005S-00046
Gaming Chairs,https://www.newegg.com/p/358-007U-00066
Gaming Chairs,https://www.newegg.com/green-dowinx-ls-6657b/p/358-007U-00084
Gaming Chairs,https://www.newegg.com/black-e-win-flash-xl-size-classic-series-gaming-chair/p/358-0022-000F0
Gaming Chairs,https://www.newegg.com/black-dowinx-ls-6689sn01/p/358-007U-000E0
Gaming Chairs,https://www.newegg.com/p/1AA-00S8-00030
Gaming Chairs,https://www.newegg.com/p/358-003W-00047
Gaming Chairs,https://www.newegg.com/gray-corsair-cf-9010052-ww-computer-gaming/p/N82E16826816211
Gaming Chairs,https://www.newegg.com/p/358-003W-00048
Gaming Chairs,https://www.newegg.com/black-zeanus-ze200-computer-gaming/p/358-007Z-00008
Gaming Chairs,https://www.newegg.com/black-red-e-win-champion-upgraded-series-gaming-chair/p/358-0022-000J5
Gaming Chairs,https://www.newegg.com/p/358-05BR-00008
Gaming Chairs,https://www.newegg.com/black-e-win-champion-upgraded-series-gaming-chair/p/358-0022-00085
Gaming Chairs,https://www.newegg.com/p/358-0022-000H2
Gaming Chairs,https://www.newegg.com/p/358-0022-000B2
Gaming Chairs,https://www.newegg.com/p/358-0022-00075
Gaming Chairs,https://www.newegg.com/p/358-0022-00040
Gaming Chairs,https://www.newegg.com/p/358-0022-00099
Gaming Chairs,https://www.newegg.com/white-dowinx-ls-6657a/p/358-007U-000C4
Gaming Chairs,https://www.newegg.com/p/358-006D-00072
Gaming Chairs,https://www.newegg.com/charcoal-corsair-t3-rush-computer-gaming/p/N82E16826816199
Gaming Chairs,https://www.newegg.com/light-gray-fractal-design-fd-ch-re1f-02-computer-gaming/p/N82E16826743002
Gaming Chairs,https://www.newegg.com/p/358-006E-00034
Gaming Chairs,https://www.newegg.com/light-gray-fractal-design-fd-ch-re1m-02-computer-gaming/p/N82E16826743001
Gaming Chairs,https://www.newegg.com/p/358-007U-00059
Gaming Chairs,https://www.newegg.com/grey-charcoal-corsair-cf-9010056-ww-computer-gaming/p/358-05BB-00006
Gaming Chairs,https://www.newegg.com/p/358-005U-00018
Gaming Chairs,https://www.newegg.com/p/358-006E-00028
Gaming Chairs,https://www.newegg.com/p/358-006E-00030
Gaming Chairs,https://www.newegg.com/alcantara-dark-fractal-design-fd-ch-re1a-01-computer-gaming/p/N82E16826816218
Gaming Chairs,https://www.newegg.com/grey-raidmax-dk701gy-chair/p/358-001R-00054
Gaming Chairs,https://www.newegg.com/p/358-003W-00051
Gaming Chairs,https://www.newegg.com/shadow-corsair-cf-9010058-ww-computer-gaming/p/N82E16826816219
Gaming Chairs,https://www.newegg.com/p/358-05BT-00006
Gaming Chairs,https://www.newegg.com/p/358-006E-00036
Gaming Chairs,https://www.newegg.com/royal-cougar-cgr-arx-glb-computer-gaming/p/N82E16826567082
Gaming Chairs,https://www.newegg.com/p/358-005U-00021
Gaming Chairs,https://www.newegg.com/p/358-05BT-00014
Gaming Chairs,https://www.newegg.com/p/358-05BT-00028
Gaming Chairs,https://www.newegg.com/p/358-05BT-00010
Gaming Chairs,https://www.newegg.com/black-cougar-terminator-computer-gaming/p/N82E16826567060
Gaming Chairs,https://www.newegg.com/black-cooler-master-caliber-x1c-computer-gaming/p/N82E16826570061
Gaming Chairs,https://www.newegg.com/p/358-0005-00036
Gaming Chairs,https://www.newegg.com/black-blue-yeyian-cadira-chair/p/358-005R-00007
Gaming Chairs,https://www.newegg.com/p/3EB-008Z-00094
Gaming Chairs,https://www.newegg.com/p/358-000A-00058
Gaming Chairs,https://www.newegg.com/p/358-000A-00051
Gaming Chairs,https://www.newegg.com/p/358-007A-00001
Gaming Chairs,https://www.newegg.com/p/358-005U-00022
Gaming Chairs,https://www.newegg.com/p/358-05BK-00002
Gaming Chairs,https://www.newegg.com/p/2T4-00Y9-00234
Gaming Chairs,https://www.newegg.com/p/358-0005-00072
Gaming Chairs,https://www.newegg.com/p/358-0005-00038
Gaming Chairs,https://www.newegg.com/p/2T4-00Y9-00233
Gaming Chairs,https://www.newegg.com/p/358-003Y-00029
Gaming Chairs,https://www.newegg.com/p/358-05BK-00003
Gaming Chairs,https://www.newegg.com/p/358-03K3-00021
Gaming Chairs,https://www.newegg.com/p/358-03K3-00010
Gaming Chairs,https://www.newegg.com/p/358-003Y-00023
Gaming Chairs,https://www.newegg.com/p/358-003Y-00031
Gaming Chairs,https://www.newegg.com/p/3EB-008Z-00032
Gaming Chairs,https://www.newegg.com/black-cooler-master-cmi-gchyb1-bk-computer-gaming/p/N82E16826570063
Gaming Chairs,https://www.newegg.com/p/3EB-00B2-002D0
Gaming Chairs,https://www.newegg.com/grey-white-corsair-cf-9010058-ww-computer-gaming/p/N82E16826816212
Gaming Chairs,https://www.newegg.com/black-proht-95000-chair/p/N82E16826205105
Gaming Chairs,https://www.newegg.com/p/358-003Y-00006
Gaming Chairs,https://www.newegg.com/cougar-armor-evo-royal-computer-gaming/p/N82E16826567073
Gaming Chairs,https://www.newegg.com/brown-raidmax-dk729gy-chair/p/358-001R-00061
Gaming Chairs,https://www.newegg.com/grey-raidmax-dk719gy-chair/p/358-001R-00055
Gaming Chairs,https://www.newegg.com/p/358-05BT-00025
Gaming Chairs,https://www.newegg.com/blue-black-gray-lorell-84395-computer-gaming/p/N82E16826837001
PlayStation 4 Accessories,https://www.newegg.com/p/N82E16879966006
PlayStation 4 Accessories,https://www.newegg.com/p/N82E16879261942
PlayStation 4 Accessories,https://www.newegg.com/p/N82E16879261901
PlayStation 4 Accessories,https://www.newegg.com/p/N82E16879966007
PlayStation 4 Accessories,https://www.newegg.com/p/N82E16879106007
PlayStation 4 Accessories,https://www.newegg.com/p/N82E16879261938
PlayStation 4 Accessories,https://www.newegg.com/p/N82E16879261900
PlayStation 4 Accessories,https://www.newegg.com/p/N82E16879261973
PlayStation 4 Accessories,https://www.newegg.com/p/N82E16879261873
PlayStation 4 Accessories,https://www.newegg.com/p/N82E16879261918
PlayStation 4 Accessories,https://www.newegg.com/p/2WA-0102-00018
PlayStation 4 Accessories,https://www.newegg.com/p/1FR-004G-00013
PlayStation 4 Accessories,https://www.newegg.com/sony-50-00/p/N82E16832886003
PlayStation 4 Accessories,https://www.newegg.com/carbon-corsair-void-rgb-elite-wireless/p/N82E16826816142
PlayStation 4 Accessories,https://www.newegg.com/p/3ED-000K-000J2
PlayStation 4 Accessories,https://www.newegg.com/arctic-cooling-actcp00001b/p/N82E16835186227
PlayStation 4 Accessories,https://www.newegg.com/logitech-g733-981-000863-black-usb/p/N82E16826197401
PlayStation 4 Accessories,https://www.newegg.com/corsair-hs70-pro-wireless-ca-9011211-na-carbon-usb/p/N82E16826816147
PlayStation 4 Accessories,https://www.newegg.com/hyperx-4p5l1aa-abl-headset-black-red/p/0TH-02YR-000C5
PlayStation 4 Accessories,https://www.newegg.com/p/0TH-01S1-00014
PlayStation 4 Accessories,https://www.newegg.com/corsair-void-rgb-elite-wireless-ca-9011202-na-white-usb/p/N82E16826816143
PlayStation 4 Accessories,https://www.newegg.com/p/3EJ-0002-000M2
PlayStation 4 Accessories,https://www.newegg.com/corsair-virtuoso-rgb-wireless-xt-ca-9011188-na-black-3-5mm-usb/p/N82E16826816178
PlayStation 4 Accessories,https://www.newegg.com/redragon-zeus-x-black/p/1VH-01AK-00020
PlayStation 4 Accessories,https://www.newegg.com/yeston-rx550-4g-d5-lp-xl2/p/27N-0042-00086
PlayStation 4 Accessories,https://www.newegg.com/p/1W7-00T2-00EW8
PlayStation 4 Accessories,https://www.newegg.com/black-logitech-941-000119-driving-force-shifter/p/N82E16826197072
PlayStation 4 Accessories,https://www.newegg.com/p/1VH-00NE-00006
PlayStation 4 Accessories,https://www.newegg.com/razer-rz04-03240100-r3u1-black/p/1VH-000G-001F0
PlayStation 4 Accessories,https://www.newegg.com/p/17B-00B3-00127
PlayStation 4 Accessories,https://www.newegg.com/p/3ED-0018-00043
PlayStation 4 Accessories,https://www.newegg.com/logitech-g733-981-000942-blue-usb/p/N82E16826197404
PlayStation 4 Accessories,https://www.newegg.com/p/2WK-008R-00021
PlayStation 4 Accessories,https://www.newegg.com/logitech-g733-981-000882-white-usb/p/N82E16826197402
PlayStation 4 Accessories,https://www.newegg.com/p/N82E16826197432
PlayStation 4 Accessories,https://www.newegg.com/logitech-g335-981-000977-black-3-5mm/p/N82E16826197478
PlayStation 4 Accessories,https://www.newegg.com/logitech-g733-981-000889-lilac-usb/p/N82E16826197403
PlayStation 4 Accessories,https://www.newegg.com/p/N82E16879966015
PlayStation 4 Accessories,https://www.newegg.com/redragon-diomedes-black/p/3EE-0049-00003
PlayStation 4 Accessories,https://www.newegg.com/sabrent-cb-ua35/p/2GA-0016-000N4
PlayStation 4 Accessories,https://www.newegg.com/wd-black-d10-8tb/p/N82E16822234381
PlayStation 4 Accessories,https://www.newegg.com/astro-gaming-a40tr-headset/p/N82E16874778018
PlayStation 4 Accessories,https://www.newegg.com/gun-metal-asus-tuf-gaming-h3/p/N82E16826785152
PlayStation 4 Accessories,https://www.newegg.com/black-thrustmaster-t16000m-fcs-hotas-joystick-throttle/p/N82E16826280080
PlayStation 4 Accessories,https://www.newegg.com/p/1A5-0090-00004
PlayStation 4 Accessories,https://www.newegg.com/black-logitech-g29-wheel/p/N82E16826197073
PlayStation 4 Accessories,https://www.newegg.com/p/0S8-03MD-00012
PlayStation 4 Accessories,https://www.newegg.com/bailink/p/1W9-00W3-00003
PlayStation 4 Accessories,https://www.newegg.com/playstation-pc-llc-marvel-s-spider-man-miles-morales-pre-order/p/N82E16832886136
PlayStation 4 Accessories,https://www.newegg.com/black-turtle-beach-recon-70-tbs-3555-01-headset/p/N82E16879459049
PlayStation 4 Accessories,https://www.newegg.com/p/N82E16879966014
PlayStation 4 Accessories,https://www.newegg.com/p/3EA-008W-001G4
PlayStation 4 Accessories,https://www.newegg.com/p/0S8-022Z-00078
PlayStation 4 Accessories,https://www.newegg.com/soundcore-vr-p10-earbud/p/0TH-06BS-000A2
PlayStation 4 Accessories,https://www.newegg.com/redragon-ire-pro-black/p/1VH-01AK-00021
PlayStation 4 Accessories,https://www.newegg.com/p/298-00MA-000S6
PlayStation 4 Accessories,https://www.newegg.com/p/3ED-004C-00003
PlayStation 4 Accessories,https://www.newegg.com/p/N82E16879966017
PlayStation 4 Accessories,https://www.newegg.com/p/1VH-06V2-00001
PlayStation 4 Accessories,https://www.newegg.com/p/N82E16879966008
PlayStation 4 Accessories,https://www.newegg.com/p/3EF-000S-00003
PlayStation 4 Accessories,https://www.newegg.com/corsair-virtuoso-rgb-wireless-ca-9011185-na-carbon-usb/p/N82E16826816137
PlayStation 4 Accessories,https://www.newegg.com/p/1VH-00HE-001B5
PlayStation 4 Accessories,https://www.newegg.com/logitech-939-002062-white/p/N82E16826197550
PlayStation 4 Accessories,https://www.newegg.com/black-steelseries-arctis-7/p/N82E16826249215
PlayStation 4 Accessories,https://www.newegg.com/p/37R-006U-00013
PlayStation 4 Accessories,https://www.newegg.com/p/0UK-00RX-00077
PlayStation 4 Accessories,https://www.newegg.com/p/N82E16826280072
PlayStation 4 Accessories,https://www.newegg.com/p/3ED-004C-00006
PlayStation 4 Accessories,https://www.newegg.com/p/N82E16826280084
PlayStation 4 Accessories,https://www.newegg.com/thrustmaster-4169099-wheel-and-pedals-set/p/N82E16826128015
PlayStation 4 Accessories,https://www.newegg.com/logitech-g923-wheel-black/p/N82E16826197431
PlayStation 4 Accessories,https://www.newegg.com/steelseries-61505/p/1VH-003B-000N9
PlayStation 4 Accessories,https://www.newegg.com/p/1VH-00DD-00152
PlayStation 4 Accessories,https://www.newegg.com/p/1VH-00DD-00271
PlayStation 4 Accessories,https://www.newegg.com/p/2J5-00NP-00001
PlayStation 4 Accessories,https://www.newegg.com/p/1VH-01AK-00013
PlayStation 4 Accessories,https://www.newegg.com/p/1VH-0194-00055
PlayStation 4 Accessories,https://www.newegg.com/p/1VH-02MC-000P6
PlayStation 4 Accessories,https://www.newegg.com/p/N82E16826502090
PlayStation 4 Accessories,https://www.newegg.com/steelseries-61473-headset-black/p/N82E16879239003
PlayStation 4 Accessories,https://www.newegg.com/p/1VH-00DD-001V0
PlayStation 4 Accessories,https://www.newegg.com/p/N82E16879261964
PlayStation 4 Accessories,https://www.newegg.com/p/2GA-00H0-00001
PlayStation 4 Accessories,https://www.newegg.com/p/N82E16879337064
PlayStation 4 Accessories,https://www.newegg.com/p/2J5-00NP-00004
PlayStation 4 Accessories,https://www.newegg.com/p/3ED-004C-00004
PlayStation 4 Accessories,https://www.newegg.com/logitech-939-002050-white/p/N82E16826197547
PlayStation 4 Accessories,https://www.newegg.com/p/3C6-05XF-000N9
PlayStation 4 Accessories,https://www.newegg.com/logitech-941-000119-shifter/p/N82E16826197448
PlayStation 4 Accessories,https://www.newegg.com/playstation-pc-llc-uncharted-legacy-of-thieves-collection-pre-purchase/p/N82E16832886134
PlayStation 4 Accessories,https://www.newegg.com/p/2J5-00NT-00008
PlayStation 4 Accessories,https://www.newegg.com/p/2J5-01CH-00003
PlayStation 4 Accessories,https://www.newegg.com/logitech-939-001876-black-blue/p/N82E16826197414
PlayStation 4 Accessories,https://www.newegg.com/p/2J5-006B-00072
PlayStation 4 Accessories,https://www.newegg.com/p/0TF-05TU-00007
